futures_close,strike,bid,ask,settlement,iv,iv_interpolated,volume,TTM,spread
1495.400024,1820.0,5.8,6.2,6.0,0.214771,0.214771,0.0,4.0,0.40000000000000036
1495.400024,1825.0,5.7,6.1,5.9,0.216215,0.216215,20.0,4.0,0.39999999999999947
1495.400024,1830.0,5.5,5.9,5.7,0.216803,0.216803,0.0,4.0,0.40000000000000036
1495.400024,1840.0,5.3,5.6,5.5,0.219539,0.219539,0.0,4.0,0.2999999999999998
1495.400024,1850.0,5.0,5.4,5.2,0.221268,0.221268,5.0,4.0,0.40000000000000036
1495.400024,1860.0,4.8,5.1,5.0,0.223718,0.223718,31.0,4.0,0.2999999999999998
1495.400024,1870.0,4.6,4.9,4.8,0.226055,0.226055,0.0,4.0,0.3000000000000007
1495.400024,1875.0,4.5,4.8,4.7,0.227176,0.227176,0.0,4.0,0.2999999999999998
1495.400024,1900.0,4.0,4.3,4.2,0.232267,0.232267,0.0,4.0,0.2999999999999998
1495.400024,1925.0,3.5,3.9,3.8,0.237624,0.237624,0.0,4.0,0.3999999999999999
1495.400024,1950.0,3.2,3.5,3.4,0.24226,0.24226,3.0,4.0,0.2999999999999998
1495.400024,1975.0,2.9,3.2,3.1,0.247465,0.247465,3.0,4.0,0.30000000000000027
1495.400024,2000.0,2.6,2.9,2.8,0.252062,0.252062,1.0,4.0,0.2999999999999998
1495.400024,2025.0,2.2,2.7,2.5,0.255976,0.255976,0.0,4.0,0.5
1495.400024,2050.0,2.0,2.5,2.3,0.260915,0.260915,0.0,4.0,0.5
1495.400024,1810.0,6.1,6.5,6.3,0.212548,0.212548,0.0,4.0,0.40000000000000036
1495.400024,1800.0,6.5,6.8,6.7,0.210914,0.210914,2.0,4.0,0.2999999999999998
1495.400024,1790.0,6.8,7.2,7.0,0.208331,0.208331,0.0,4.0,0.40000000000000036
1495.400024,1780.0,7.2,7.6,7.4,0.206279,0.206279,15.0,4.0,0.39999999999999947
1495.400024,1650.0,15.6,16.1,16.0,0.176634,0.176634,0.0,4.0,0.5000000000000018
1495.400024,1655.0,15.1,15.6,15.5,0.177878,0.177878,0.0,4.0,0.5
1495.400024,1660.0,14.6,15.1,15.0,0.179037,0.179037,0.0,4.0,0.5
1495.400024,1665.0,14.2,14.6,14.6,0.180547,0.180547,0.0,4.0,0.40000000000000036
1495.400024,1670.0,13.7,14.2,14.1,0.181535,0.181535,0.0,4.0,0.5
1495.400024,1675.0,13.3,13.7,13.7,0.182893,0.182893,0.0,4.0,0.3999999999999986
1495.400024,1680.0,12.9,13.3,13.2,0.18371,0.18371,0.0,4.0,0.40000000000000036
1495.400024,1685.0,12.5,12.9,12.8,0.184888,0.184888,0.0,4.0,0.40000000000000036
1495.400024,1690.0,12.1,12.5,12.5,0.186484,0.186484,0.0,4.0,0.40000000000000036
1495.400024,1695.0,11.8,12.2,12.1,0.187529,0.187529,0.0,4.0,0.3999999999999986
1495.400024,1700.0,11.4,11.8,11.7,0.188498,0.188498,0.0,4.0,0.40000000000000036
1495.400024,1705.0,11.1,11.5,11.4,0.189884,0.189884,0.0,4.0,0.40000000000000036
1495.400024,1710.0,10.7,11.1,11.0,0.190701,0.190701,0.0,4.0,0.40000000000000036
1495.400024,1720.0,10.1,10.5,10.4,0.193152,0.193152,0.0,4.0,0.40000000000000036
1495.400024,1730.0,9.5,9.9,9.8,0.195356,0.195356,0.0,4.0,0.40000000000000036
1495.400024,1735.0,9.3,9.7,9.5,0.196362,0.196362,13.0,4.0,0.3999999999999986
1495.400024,1740.0,9.0,9.4,9.3,0.197873,0.197873,0.0,4.0,0.40000000000000036
1495.400024,1745.0,8.7,9.1,9.0,0.198756,0.198756,0.0,4.0,0.40000000000000036
1495.400024,1750.0,8.5,8.9,8.7,0.199554,0.199554,0.0,4.0,0.40000000000000036
1495.400024,1755.0,8.3,8.6,8.5,0.200922,0.200922,0.0,4.0,0.29999999999999893
1495.400024,1760.0,8.0,8.4,8.3,0.202214,0.202214,20.0,4.0,0.40000000000000036
1495.400024,1765.0,7.8,8.2,8.0,0.20284,0.20284,0.0,4.0,0.39999999999999947
1495.400024,1770.0,7.6,8.0,7.8,0.204037,0.204037,0.0,4.0,0.40000000000000036
1495.400024,1775.0,7.4,7.8,7.6,0.205196,0.205196,0.0,4.0,0.39999999999999947
1495.400024,1715.0,10.4,10.8,10.7,0.191955,0.191955,0.0,4.0,0.40000000000000036
1495.400024,1645.0,16.1,16.6,16.5,0.175295,0.175295,0.0,4.0,0.5
1495.400024,1495.0,54.0,54.799999,54.299999,0.136987,0.136987,10.0,5.0,0.7999989999999997
1495.400024,1500.0,52.099998,52.900002,52.400002,0.138146,0.138146,20.0,5.0,0.8000040000000013
1495.400024,1505.0,50.299999,51.099998,50.599998,0.139371,0.139371,20.0,5.0,0.7999989999999997
1495.400024,1510.0,48.599998,49.400002,48.900002,0.140682,0.140682,1.0,5.0,0.8000040000000013
1495.400024,1515.0,46.900002,47.700001,47.200001,0.141817,0.141817,24.0,5.0,0.7999989999999997
1495.400024,1520.0,45.299999,46.099998,45.700001,0.143299,0.143299,30.0,5.0,0.7999989999999997
1495.400024,1525.0,43.799999,44.599998,44.200001,0.144624,0.144624,40.0,5.0,0.7999989999999997
1495.400024,1530.0,42.400002,43.099998,42.700001,0.145792,0.145792,1.0,5.0,0.6999959999999987
1495.400024,1535.0,41.0,41.700001,41.400002,0.147331,0.147331,10.0,5.0,0.7000010000000003
1495.400024,1540.0,39.599998,40.400002,40.0,0.148461,0.148461,30.0,5.0,0.8000040000000013
1495.400024,1545.0,38.299999,39.099998,38.799999,0.149981,0.149981,0.0,5.0,0.7999989999999997
1495.400024,1550.0,37.099998,37.900002,37.599998,0.151368,0.151368,0.0,5.0,0.8000040000000013
1495.400024,1555.0,35.900002,36.700001,36.400002,0.152621,0.152621,0.0,5.0,0.7999989999999997
1495.400024,1560.0,34.799999,35.599998,35.299999,0.154018,0.154018,0.0,5.0,0.7999989999999997
1495.400024,1565.0,33.700001,34.5,34.200001,0.1553,0.1553,0.0,5.0,0.7999989999999997
1495.400024,1570.0,32.700001,33.400002,33.200001,0.15673,0.15673,0.0,5.0,0.7000010000000003
1495.400024,1575.0,31.700001,32.400002,32.200001,0.158045,0.158045,0.0,5.0,0.7000010000000003
1495.400024,1580.0,30.700001,31.4,31.200001,0.159256,0.159256,0.0,5.0,0.6999989999999983
1495.400024,1585.0,29.799999,30.5,30.299999,0.160638,0.160638,0.0,5.0,0.7000010000000003
1495.400024,1590.0,28.9,29.6,29.4,0.161911,0.161911,0.0,5.0,0.7000000000000028
1495.400024,1595.0,28.1,28.700001,28.5,0.163089,0.163089,0.0,5.0,0.6000009999999989
1495.400024,1605.0,26.4,27.1,26.9,0.165729,0.165729,0.0,5.0,0.7000000000000028
1495.400024,1610.0,25.700001,26.299999,26.1,0.166907,0.166907,0.0,5.0,0.5999979999999994
1495.400024,1615.0,24.9,25.6,25.299999,0.16799,0.16799,0.0,5.0,0.7000000000000028
1495.400024,1490.0,56.0,56.799999,56.299999,0.135899,0.135899,0.0,5.0,0.7999989999999997
1495.400024,1485.0,58.0,58.900002,58.299999,0.134612,0.134612,0.0,5.0,0.9000020000000006
1495.400024,1480.0,60.200001,61.0,60.5,0.133643,0.133643,0.0,5.0,0.7999989999999997
1495.400024,1475.0,62.400002,63.299999,62.700001,0.132465,0.132465,0.0,5.0,0.899996999999999
1495.400024,1355.0,145.5,147.600006,145.699997,0.123223,0.123223,0.0,5.0,2.1000060000000076
1495.400024,1360.0,141.100006,143.100006,141.300003,0.122805,0.122805,0.0,5.0,2.0
1495.400024,1365.0,136.699997,138.699997,137.0,0.122672,0.122672,0.0,5.0,2.0
1495.400024,1370.0,132.399994,134.399994,132.699997,0.12233,0.12233,0.0,5.0,2.0
1495.400024,1375.0,128.100006,130.100006,128.399994,0.121798,0.121798,0.0,5.0,2.0
1495.400024,1380.0,124.0,125.900002,124.300003,0.121922,0.121922,0.0,5.0,1.9000020000000006
1495.400024,1385.0,119.800003,121.800003,120.199997,0.121817,0.121817,0.0,5.0,2.0
1495.400024,1390.0,115.800003,117.800003,116.199997,0.121874,0.121874,0.0,5.0,2.0
1495.400024,1395.0,111.800003,113.800003,112.300003,0.122083,0.122083,0.0,5.0,2.0
1495.400024,1400.0,107.900002,110.0,108.400002,0.122045,0.122045,0.0,5.0,2.0999979999999994
1495.400024,1405.0,104.099998,106.199997,104.699997,0.122482,0.122482,0.0,5.0,2.099998999999997
1495.400024,1415.0,96.800003,99.0,97.5,0.12328,0.12328,0.0,5.0,2.199996999999996
1495.400024,1420.0,93.300003,95.5,94.0,0.123622,0.123622,0.0,5.0,2.199996999999996
1495.400024,1425.0,89.800003,92.199997,90.699997,0.124349,0.124349,0.0,5.0,2.3999939999999924
1495.400024,1430.0,86.5,88.900002,87.400002,0.124819,0.124819,0.0,5.0,2.4000020000000006
1495.400024,1435.0,83.400002,85.800003,84.199997,0.125341,0.125341,0.0,5.0,2.400001000000003
1495.400024,1440.0,81.0,81.800003,81.199997,0.126206,0.126206,0.0,5.0,0.8000030000000038
1495.400024,1445.0,78.0,78.900002,78.300003,0.127099,0.127099,0.0,5.0,0.9000020000000006
1495.400024,1450.0,75.099998,76.0,75.400002,0.127754,0.127754,0.0,5.0,0.9000020000000006
1495.400024,1455.0,72.400002,73.300003,72.699997,0.128723,0.128723,0.0,5.0,0.9000010000000032
1495.400024,1460.0,69.699997,70.599998,70.0,0.129464,0.129464,0.0,5.0,0.9000010000000032
1495.400024,1465.0,67.199997,68.099998,67.5,0.130509,0.130509,0.0,5.0,0.9000010000000032
1495.400024,1470.0,64.800003,65.599998,65.099998,0.131596,0.131596,0.0,5.0,0.7999949999999956
1495.400024,1410.0,100.400002,102.5,101.0,0.122672,0.122672,0.0,5.0,2.0999979999999994
1495.400024,1620.0,24.200001,24.799999,24.6,0.169291,0.169291,0.0,5.0,0.5999979999999994
1495.400024,1640.0,16.700001,17.200001,17.1,0.174269,0.174269,0.0,4.0,0.5
1495.400024,1630.0,17.799999,18.299999,18.200001,0.171533,0.171533,0.0,4.0,0.5
1495.400024,1245.0,251.399994,252.100006,250.5,0.168057,0.168057,0.0,4.0,0.7000120000000152
1495.400024,1250.0,246.399994,247.199997,245.600006,0.165929,0.165929,0.0,4.0,0.8000030000000038
1495.400024,1255.0,241.399994,242.199997,240.600006,0.162319,0.162319,0.0,4.0,0.8000030000000038
1495.400024,1260.0,236.5,237.199997,235.699997,0.160154,0.160154,0.0,4.0,0.6999969999999962
1495.400024,1265.0,231.5,232.300003,230.699997,0.156544,0.156544,0.0,4.0,0.8000030000000038
1495.400024,1270.0,226.600006,227.300003,225.800003,0.154379,0.154379,0.0,4.0,0.6999969999999962
1495.400024,1275.0,221.600006,222.399994,220.800003,0.150807,0.150807,0.0,4.0,0.7999879999999848
1495.400024,1280.0,216.699997,217.5,215.899994,0.148604,0.148604,0.0,4.0,0.8000030000000038
1495.400024,1285.0,211.800003,212.5,211.0,0.146362,0.146362,0.0,4.0,0.6999969999999962
1495.400024,1290.0,206.899994,207.600006,206.100006,0.144082,0.144082,0.0,4.0,0.7000120000000152
1495.400024,1295.0,201.899994,202.699997,201.199997,0.141803,0.141803,0.0,4.0,0.8000030000000038
1495.400024,1300.0,197.100006,197.800003,196.300003,0.139447,0.139447,0.0,4.0,0.6999969999999962
1495.400024,1305.0,192.199997,193.0,191.5,0.138231,0.138231,0.0,4.0,0.8000030000000038
1495.400024,1310.0,187.300003,188.100006,186.600006,0.135761,0.135761,0.0,4.0,0.8000030000000038
1495.400024,1315.0,182.5,183.199997,181.800003,0.134356,0.134356,0.0,4.0,0.6999969999999962
1495.400024,1320.0,177.600006,178.399994,177.0,0.132836,0.132836,0.0,4.0,0.7999879999999848
1495.400024,1325.0,172.800003,173.600006,172.199997,0.131202,0.131202,0.0,4.0,0.8000030000000038
1495.400024,1330.0,168.0,168.800003,167.399994,0.129473,0.129473,0.0,4.0,0.8000030000000038
1495.400024,1335.0,163.199997,164.0,162.699997,0.128523,0.128523,0.0,4.0,0.8000030000000038
1495.400024,1635.0,17.200001,17.700001,17.6,0.172749,0.172749,0.0,4.0,0.5
1495.400024,1340.0,158.5,159.300003,157.899994,0.126586,0.126586,0.0,4.0,0.8000030000000038
1495.400024,1350.0,149.100006,149.899994,148.600006,0.124724,0.124724,0.0,4.0,0.7999879999999848
1495.400024,1505.0,44.200001,44.900002,44.400002,0.136716,0.136716,1.0,4.0,0.7000010000000003
1495.400024,1510.0,42.5,43.200001,42.700001,0.138136,0.138136,0.0,4.0,0.7000010000000003
1495.400024,1515.0,40.799999,41.5,41.099998,0.139637,0.139637,0.0,4.0,0.7000010000000003
1495.400024,1520.0,39.299999,39.900002,39.5,0.140929,0.140929,2.0,4.0,0.600003000000001
1495.400024,1525.0,37.700001,38.400002,38.099998,0.142591,0.142591,0.0,4.0,0.7000010000000003
1495.400024,1530.0,36.299999,37.0,36.700001,0.144073,0.144073,1.0,4.0,0.7000010000000003
1495.400024,1535.0,35.0,35.599998,35.299999,0.145364,0.145364,10.0,4.0,0.5999979999999994
1495.400024,1540.0,33.700001,34.299999,34.0,0.14678,0.14678,60.0,4.0,0.5999979999999994
1495.400024,1545.0,32.400002,33.099998,32.799999,0.148309,0.148309,0.0,4.0,0.6999959999999987
1495.400024,1550.0,31.200001,31.9,31.6,0.149686,0.149686,0.0,4.0,0.6999989999999983
1495.400024,1555.0,30.1,30.700001,30.4,0.150897,0.150897,0.0,4.0,0.6000009999999989
1495.400024,1560.0,29.0,29.6,29.299999,0.152251,0.152251,0.0,4.0,0.6000000000000014
1495.400024,1565.0,28.0,28.6,28.299999,0.153771,0.153771,0.0,4.0,0.6000000000000014
1495.400024,1570.0,27.0,27.6,27.299999,0.155148,0.155148,0.0,4.0,0.6000000000000014
1495.400024,1575.0,26.1,26.700001,26.299999,0.156383,0.156383,0.0,4.0,0.6000009999999989
1495.400024,1580.0,25.200001,25.700001,25.4,0.157798,0.157798,11.0,4.0,0.5
1495.400024,1585.0,24.299999,24.9,24.6,0.159413,0.159413,12.0,4.0,0.6000009999999989
1495.400024,1590.0,23.4,24.0,23.700001,0.160572,0.160572,0.0,4.0,0.6000000000000014
1495.400024,1595.0,22.6,23.200001,23.0,0.162272,0.162272,0.0,4.0,0.6000009999999989
1495.400024,1600.0,21.9,22.4,22.200001,0.163526,0.163526,5.0,4.0,0.5
1495.400024,1605.0,21.1,21.700001,21.5,0.165008,0.165008,0.0,4.0,0.6000009999999989
1495.400024,1610.0,20.4,21.0,20.799999,0.166385,0.166385,0.0,4.0,0.6000000000000014
1495.400024,1615.0,19.700001,20.299999,20.1,0.167639,0.167639,0.0,4.0,0.5999979999999994
1495.400024,1620.0,19.1,19.6,19.4,0.168798,0.168798,0.0,4.0,0.5
1495.400024,1500.0,46.0,46.799999,46.200001,0.135353,0.135353,2.0,4.0,0.7999989999999997
1495.400024,1495.0,48.0,48.700001,48.099998,0.134047,0.134047,0.0,4.0,0.7000010000000003
1495.400024,1490.0,50.0,50.700001,50.099998,0.132788,0.132788,0.0,4.0,0.7000010000000003
1495.400024,1485.0,52.099998,52.799999,52.200001,0.131563,0.131563,0.0,4.0,0.7000010000000003
1495.400024,1355.0,144.5,145.300003,144.0,0.123888,0.123888,0.0,4.0,0.8000030000000038
1495.400024,1360.0,139.899994,140.699997,139.399994,0.122862,0.122862,0.0,4.0,0.8000030000000038
1495.400024,1365.0,135.300003,136.100006,134.899994,0.122292,0.122292,0.0,4.0,0.8000030000000038
1495.400024,1370.0,130.800003,131.600006,130.399994,0.121514,0.121514,0.0,4.0,0.8000030000000038
1495.400024,1375.0,126.400002,127.199997,126.0,0.121077,0.121077,0.0,4.0,0.7999949999999956
1495.400024,1380.0,122.0,122.800003,121.599998,0.120412,0.120412,0.0,4.0,0.8000030000000038
1495.400024,1385.0,117.699997,118.5,117.300003,0.120051,0.120051,0.0,4.0,0.8000030000000038
1495.400024,1390.0,113.400002,114.199997,113.099998,0.119918,0.119918,0.0,4.0,0.7999949999999956
1495.400024,1395.0,109.300003,110.0,108.900002,0.119519,0.119519,0.0,4.0,0.6999969999999962
1495.400024,1400.0,105.199997,106.0,104.900002,0.119747,0.119747,1.0,4.0,0.8000030000000038
1495.400024,1405.0,101.199997,102.0,100.900002,0.11968,0.11968,0.0,4.0,0.8000030000000038
1495.400024,1410.0,97.300003,98.099998,97.0,0.119737,0.119737,0.0,4.0,0.7999949999999956
1495.400024,1345.0,153.800003,154.600006,153.300003,0.126149,0.126149,0.0,4.0,0.8000030000000038
1495.400024,1415.0,93.5,94.199997,93.199997,0.119908,0.119908,0.0,4.0,0.6999969999999962
1495.400024,1425.0,86.199997,86.900002,86.0,0.12083,0.12083,0.0,4.0,0.7000050000000044
1495.400024,1430.0,82.699997,83.5,82.5,0.121181,0.121181,0.0,4.0,0.8000030000000038
1495.400024,1435.0,79.300003,80.099998,79.199997,0.121922,0.121922,0.0,4.0,0.7999949999999956
1495.400024,1440.0,76.099998,76.900002,76.0,0.122672,0.122672,0.0,4.0,0.8000040000000013
1495.400024,1445.0,72.900002,73.699997,72.800003,0.123119,0.123119,0.0,4.0,0.7999949999999956
1495.400024,1450.0,69.900002,70.699997,69.900002,0.124221,0.124221,0.0,4.0,0.7999949999999956
1495.400024,1455.0,67.0,67.800003,67.0,0.125019,0.125019,0.0,4.0,0.8000030000000038
1495.400024,1460.0,64.199997,65.0,64.199997,0.125826,0.125826,0.0,4.0,0.8000030000000038
1495.400024,1465.0,61.599998,62.400002,61.599998,0.126937,0.126937,0.0,4.0,0.8000040000000013
1495.400024,1470.0,59.0,59.799999,59.099998,0.128068,0.128068,0.0,4.0,0.7999989999999997
1495.400024,1475.0,56.599998,57.400002,56.700001,0.129212,0.129212,0.0,4.0,0.8000040000000013
1495.400024,1480.0,54.299999,55.099998,54.400002,0.130376,0.130376,0.0,4.0,0.7999989999999997
1495.400024,1420.0,89.800003,90.5,89.5,0.120155,0.120155,0.0,4.0,0.6999969999999962
1495.400024,1635.0,22.200001,22.799999,22.6,0.173005,0.173005,0.0,5.0,0.5999979999999994
1500.400024,1500.0,64.400002,65.300003,64.900002,0.13977,0.13977,0.0,7.0,0.9000010000000032
1500.400024,1505.0,62.5,63.400002,63.0,0.14071,0.14071,0.0,7.0,0.9000020000000006
1500.400024,1510.0,60.700001,61.599998,61.200001,0.141741,0.141741,0.0,7.0,0.899996999999999
1500.400024,1515.0,59.0,59.900002,59.5,0.142862,0.142862,0.0,7.0,0.9000020000000006
1500.400024,1520.0,57.299999,58.200001,57.799999,0.143859,0.143859,0.0,7.0,0.9000020000000006
1500.400024,1525.0,55.700001,56.599998,56.200001,0.144951,0.144951,0.0,7.0,0.899996999999999
1500.400024,1530.0,54.200001,55.099998,54.700001,0.146148,0.146148,0.0,7.0,0.899996999999999
1500.400024,1535.0,52.700001,53.599998,53.200001,0.147231,0.147231,0.0,7.0,0.899996999999999
1500.400024,1540.0,51.299999,52.099998,51.799999,0.148423,0.148423,0.0,7.0,0.7999989999999997
1500.400024,1545.0,49.900002,50.799999,50.400002,0.149515,0.149515,0.0,7.0,0.899996999999999
1500.400024,1550.0,48.5,49.400002,49.099998,0.150717,0.150717,0.0,7.0,0.9000020000000006
1500.400024,1555.0,47.200001,48.099998,47.799999,0.151824,0.151824,0.0,7.0,0.899996999999999
1500.400024,1560.0,46.0,46.900002,46.599998,0.153054,0.153054,0.0,7.0,0.9000020000000006
1500.400024,1565.0,44.799999,45.700001,45.400002,0.154193,0.154193,0.0,7.0,0.9000020000000006
1500.400024,1570.0,43.700001,44.5,44.200001,0.155238,0.155238,0.0,7.0,0.7999989999999997
1500.400024,1575.0,42.5,43.400002,43.099998,0.156421,0.156421,0.0,7.0,0.9000020000000006
1500.400024,1580.0,41.5,42.299999,42.0,0.157518,0.157518,0.0,7.0,0.7999989999999997
1500.400024,1585.0,40.400002,41.299999,41.0,0.158758,0.158758,0.0,7.0,0.899996999999999
1500.400024,1590.0,39.400002,40.200001,40.0,0.159921,0.159921,0.0,7.0,0.7999989999999997
1500.400024,1595.0,38.400002,39.299999,39.0,0.161004,0.161004,0.0,7.0,0.899996999999999
1500.400024,1605.0,36.599998,37.400002,37.200001,0.163412,0.163412,0.0,7.0,0.8000040000000013
1500.400024,1610.0,35.700001,36.5,36.299999,0.164504,0.164504,0.0,7.0,0.7999989999999997
1500.400024,1615.0,34.900002,35.599998,35.5,0.165767,0.165767,0.0,7.0,0.6999959999999987
1500.400024,1620.0,34.0,34.799999,34.599998,0.166722,0.166722,0.0,7.0,0.7999989999999997
1500.400024,1495.0,66.300003,67.300003,66.800003,0.138692,0.138692,0.0,7.0,1.0
1500.400024,1490.0,68.300003,69.300003,68.800003,0.137694,0.137694,0.0,7.0,1.0
1500.400024,1485.0,70.400002,71.400002,70.900002,0.136778,0.136778,0.0,7.0,1.0
1500.400024,1480.0,72.599998,73.5,73.099998,0.135932,0.135932,0.0,7.0,0.9000020000000006
1500.400024,1810.0,12.4,13.0,12.9,0.207818,0.207818,0.0,6.0,0.5999999999999996
1500.400024,1820.0,11.9,12.5,12.4,0.209736,0.209736,0.0,6.0,0.5999999999999996
1500.400024,1825.0,11.7,12.3,12.2,0.210876,0.210876,0.0,6.0,0.6000000000000014
1500.400024,1830.0,11.5,12.0,12.0,0.211988,0.211988,0.0,6.0,0.5
1500.400024,1840.0,11.0,11.6,11.5,0.21364,0.21364,0.0,6.0,0.5999999999999996
1500.400024,1850.0,10.6,11.2,11.1,0.215664,0.215664,0.0,6.0,0.5999999999999996
1500.400024,1860.0,10.2,10.8,10.7,0.217554,0.217554,15.0,6.0,0.6000000000000014
1500.400024,1870.0,9.9,10.4,10.3,0.21933,0.21933,0.0,6.0,0.5
1500.400024,1875.0,9.7,10.3,10.2,0.220717,0.220717,15.0,6.0,0.6000000000000014
1500.400024,1900.0,8.9,9.4,9.3,0.225086,0.225086,15.0,6.0,0.5
1500.400024,1925.0,8.1,8.7,8.5,0.22937,0.22937,0.0,6.0,0.5999999999999996
1500.400024,1950.0,7.5,8.0,7.9,0.2343,0.2343,24.0,6.0,0.5
1500.400024,1625.0,33.200001,34.0,33.799999,0.167848,0.167848,0.0,7.0,0.7999989999999997
1500.400024,1975.0,6.9,7.5,7.3,0.238707,0.238707,0.0,6.0,0.5999999999999996
1500.400024,2025.0,5.9,6.5,6.3,0.247465,0.247465,179.0,6.0,0.5999999999999996
1500.400024,2050.0,5.5,6.0,5.8,0.251112,0.251112,11.0,6.0,0.5
1500.400024,1430.0,98.900002,99.900002,99.400002,0.128585,0.128585,0.0,7.0,1.0
1500.400024,1435.0,95.900002,96.900002,96.400002,0.129207,0.129207,0.0,7.0,1.0
1500.400024,1440.0,92.900002,93.900002,93.5,0.129891,0.129891,0.0,7.0,1.0
1500.400024,1445.0,90.0,91.099998,90.599998,0.130409,0.130409,0.0,7.0,1.0999979999999994
1500.400024,1450.0,87.300003,88.300003,87.900002,0.131231,0.131231,1.0,7.0,1.0
1500.400024,1455.0,84.599998,85.599998,85.199997,0.131881,0.131881,0.0,7.0,1.0
1500.400024,1460.0,82.0,83.0,82.599998,0.132598,0.132598,0.0,7.0,1.0
1500.400024,1465.0,79.5,80.5,80.099998,0.133387,0.133387,0.0,7.0,1.0
1500.400024,1470.0,77.099998,78.099998,77.699997,0.134242,0.134242,0.0,7.0,1.0
1500.400024,1475.0,74.800003,75.800003,75.400002,0.135163,0.135163,0.0,7.0,1.0
1500.400024,2000.0,6.4,6.9,6.7,0.242564,0.242564,0.0,6.0,0.5
1500.400024,1800.0,12.9,13.5,13.5,0.206203,0.206203,179.0,6.0,0.5999999999999996
1500.400024,1630.0,32.5,33.200001,33.0,0.168912,0.168912,0.0,7.0,0.7000010000000003
1500.400024,1640.0,31.0,31.700001,31.5,0.171091,0.171091,0.0,7.0,0.7000010000000003
1500.400024,1810.0,15.4,16.0,16.0,0.206478,0.206478,0.0,7.0,0.5999999999999996
1500.400024,1820.0,14.9,15.5,15.4,0.208198,0.208198,0.0,7.0,0.5999999999999996
1500.400024,1825.0,14.6,15.2,15.2,0.209404,0.209404,0.0,7.0,0.5999999999999996
1500.400024,1830.0,14.4,15.0,14.9,0.210183,0.210183,0.0,7.0,0.5999999999999996
1500.400024,1840.0,13.9,14.5,14.4,0.212054,0.212054,106.0,7.0,0.5999999999999996
1500.400024,1850.0,13.4,14.0,13.9,0.213821,0.213821,0.0,7.0,0.5999999999999996
1500.400024,1860.0,13.0,13.5,13.5,0.215901,0.215901,0.0,7.0,0.5
1500.400024,1870.0,12.5,13.1,13.0,0.217449,0.217449,0.0,7.0,0.5999999999999996
1500.400024,1875.0,12.3,12.9,12.8,0.218399,0.218399,0.0,7.0,0.5999999999999996
1500.400024,1900.0,11.4,12.0,11.8,0.222788,0.222788,180.0,7.0,0.5999999999999996
1500.400024,1925.0,10.5,11.1,11.0,0.227584,0.227584,0.0,7.0,0.5999999999999996
1500.400024,1950.0,9.8,10.3,10.2,0.231859,0.231859,0.0,7.0,0.5
1500.400024,1975.0,9.1,9.7,9.5,0.236162,0.236162,0.0,7.0,0.5999999999999996
1500.400024,2000.0,8.5,9.0,8.8,0.239999,0.239999,160.0,7.0,0.5
1500.400024,2025.0,7.9,8.5,8.3,0.244596,0.244596,0.0,7.0,0.5999999999999996
1500.400024,2050.0,7.4,8.0,7.8,0.248833,0.248833,15.0,7.0,0.5999999999999996
1500.400024,2100.0,6.5,7.1,6.8,0.256128,0.256128,123.0,7.0,0.5999999999999996
1500.400024,1790.0,16.6,17.200001,17.200001,0.20266,0.20266,0.0,7.0,0.6000009999999989
1500.400024,1780.0,17.200001,17.799999,17.9,0.200922,0.200922,0.0,7.0,0.5999979999999994
1500.400024,1775.0,17.5,18.200001,18.200001,0.19982,0.19982,0.0,7.0,0.7000010000000003
1500.400024,1645.0,30.299999,31.0,30.799999,0.172217,0.172217,0.0,7.0,0.7000010000000003
1500.400024,1650.0,29.6,30.299999,30.1,0.173281,0.173281,0.0,7.0,0.6999989999999983
1500.400024,1655.0,28.9,29.700001,29.5,0.174554,0.174554,0.0,7.0,0.8000010000000017
1500.400024,1660.0,28.299999,29.0,28.799999,0.175504,0.175504,0.0,7.0,0.7000010000000003
1500.400024,1665.0,27.6,28.4,28.200001,0.176662,0.176662,0.0,7.0,0.7999999999999972
1500.400024,1670.0,27.0,27.799999,27.6,0.177774,0.177774,0.0,7.0,0.7999989999999997
1500.400024,1675.0,26.4,27.200001,27.0,0.178828,0.178828,0.0,7.0,0.8000010000000017
1500.400024,1680.0,25.9,26.6,26.5,0.18011,0.18011,0.0,7.0,0.7000000000000028
1500.400024,1685.0,25.299999,26.0,25.9,0.18106,0.18106,0.0,7.0,0.7000010000000003
1500.400024,1690.0,24.799999,25.5,25.4,0.182248,0.182248,0.0,7.0,0.7000010000000003
1500.400024,1695.0,24.200001,24.9,24.9,0.183387,0.183387,0.0,7.0,0.6999989999999983
1500.400024,1700.0,23.700001,24.4,24.4,0.18448,0.18448,0.0,7.0,0.6999989999999983
1500.400024,1635.0,31.700001,32.5,32.299999,0.170161,0.170161,0.0,7.0,0.7999989999999997
1500.400024,1705.0,23.200001,23.9,23.9,0.185525,0.185525,0.0,7.0,0.6999989999999983
1500.400024,1715.0,22.299999,22.9,22.9,0.187472,0.187472,0.0,7.0,0.6000009999999989
1500.400024,1720.0,21.799999,22.5,22.5,0.188688,0.188688,0.0,7.0,0.7000010000000003
1500.400024,1725.0,21.4,22.0,22.0,0.189552,0.189552,0.0,7.0,0.6000000000000014
1500.400024,1730.0,20.9,21.6,21.6,0.190682,0.190682,0.0,7.0,0.7000000000000028
1500.400024,1735.0,20.5,21.200001,21.200001,0.191784,0.191784,0.0,7.0,0.7000010000000003
1500.400024,1740.0,20.1,20.799999,20.799999,0.192838,0.192838,0.0,7.0,0.6999989999999983
1500.400024,1745.0,19.700001,20.4,20.4,0.193855,0.193855,11.0,7.0,0.6999989999999983
1500.400024,1750.0,19.299999,20.0,20.0,0.194824,0.194824,0.0,7.0,0.7000010000000003
1500.400024,1755.0,18.9,19.6,19.6,0.195764,0.195764,0.0,7.0,0.7000000000000028
1500.400024,1760.0,18.6,19.200001,19.299999,0.196999,0.196999,0.0,7.0,0.6000009999999989
1500.400024,1765.0,18.200001,18.9,18.9,0.197863,0.197863,0.0,7.0,0.6999989999999983
1500.400024,1770.0,17.9,18.5,18.5,0.19868,0.19868,0.0,7.0,0.6000000000000014
1500.400024,1710.0,22.700001,23.4,23.4,0.186522,0.186522,0.0,7.0,0.6999989999999983
1495.400024,1630.0,22.799999,23.5,23.200001,0.171638,0.171638,0.0,5.0,0.7000010000000003
1500.400024,1790.0,13.4,14.0,14.0,0.203999,0.203999,0.0,6.0,0.5999999999999996
1500.400024,1775.0,14.3,14.9,14.9,0.201064,0.201064,0.0,6.0,0.5999999999999996
1495.400024,1800.0,9.5,10.0,9.8,0.209357,0.209357,40.0,5.0,0.5
1495.400024,1810.0,9.1,9.5,9.4,0.21156,0.21156,0.0,5.0,0.40000000000000036
1495.400024,1820.0,8.7,9.1,9.0,0.213593,0.213593,0.0,5.0,0.40000000000000036
1495.400024,1825.0,8.5,8.9,8.8,0.214562,0.214562,0.0,5.0,0.40000000000000036
1495.400024,1830.0,8.3,8.8,8.6,0.215493,0.215493,0.0,5.0,0.5
1495.400024,1840.0,8.0,8.4,8.3,0.217867,0.217867,0.0,5.0,0.40000000000000036
1495.400024,1850.0,7.6,8.1,7.9,0.219463,0.219463,0.0,5.0,0.5
1495.400024,1860.0,7.3,7.8,7.6,0.221553,0.221553,0.0,5.0,0.5
1495.400024,1870.0,7.0,7.5,7.3,0.223547,0.223547,0.0,5.0,0.5
1495.400024,1875.0,6.9,7.3,7.2,0.224839,0.224839,0.0,5.0,0.39999999999999947
1495.400024,1950.0,5.1,5.6,5.4,0.238935,0.238935,0.0,5.0,0.5
1495.400024,1975.0,4.5,5.2,4.9,0.243115,0.243115,0.0,5.0,0.7000000000000002
1495.400024,2025.0,1.8,4.5,4.2,0.252746,0.252746,0.0,5.0,2.7
1500.400024,1440.0,88.5,89.5,89.0,0.127222,0.127222,0.0,6.0,1.0
1500.400024,1445.0,85.599998,86.599998,86.0,0.127735,0.127735,0.0,6.0,1.0
1500.400024,1450.0,82.699997,83.699997,83.199997,0.128552,0.128552,0.0,6.0,1.0
1500.400024,1455.0,80.0,81.0,80.5,0.129431,0.129431,0.0,6.0,1.0
1500.400024,1460.0,77.300003,78.300003,77.800003,0.130114,0.130114,0.0,6.0,1.0
1500.400024,1465.0,74.699997,75.699997,75.300003,0.131098,0.131098,0.0,6.0,1.0
1500.400024,1470.0,72.300003,73.300003,72.800003,0.131895,0.131895,0.0,6.0,1.0
1500.400024,1475.0,69.900002,70.900002,70.5,0.132988,0.132988,0.0,6.0,1.0
1495.400024,1790.0,10.0,10.4,10.3,0.207552,0.207552,0.0,5.0,0.40000000000000036
1495.400024,1780.0,10.4,10.9,10.8,0.205576,0.205576,0.0,5.0,0.5
1495.400024,1770.0,10.9,11.4,11.3,0.20342,0.20342,0.0,5.0,0.5
1495.400024,1640.0,21.6,22.200001,21.9,0.173965,0.173965,0.0,5.0,0.6000009999999989
1495.400024,1645.0,21.0,21.5,21.299999,0.175181,0.175181,0.0,5.0,0.5
1495.400024,1650.0,20.4,21.0,20.799999,0.176653,0.176653,0.0,5.0,0.6000000000000014
1495.400024,1655.0,19.799999,20.4,20.200001,0.177717,0.177717,0.0,5.0,0.6000009999999989
1495.400024,1660.0,19.299999,19.799999,19.700001,0.179047,0.179047,0.0,5.0,0.5
1495.400024,1665.0,18.700001,19.299999,19.1,0.179958,0.179958,0.0,5.0,0.5999979999999994
1495.400024,1670.0,18.200001,18.799999,18.6,0.181155,0.181155,0.0,5.0,0.5999979999999994
1495.400024,1675.0,17.700001,18.299999,18.200001,0.182656,0.182656,0.0,5.0,0.5999979999999994
1495.400024,1680.0,17.299999,17.799999,17.700001,0.18372,0.18372,0.0,5.0,0.5
1495.400024,1685.0,16.799999,17.299999,17.200001,0.184717,0.184717,0.0,5.0,0.5
1495.400024,1690.0,16.4,16.9,16.799999,0.186028,0.186028,0.0,5.0,0.5
1495.400024,1695.0,15.9,16.4,16.4,0.187282,0.187282,0.0,5.0,0.4999999999999982
1500.400024,1480.0,67.599998,68.599998,68.199997,0.133904,0.133904,0.0,6.0,1.0
1495.400024,1700.0,15.5,16.0,16.0,0.188488,0.188488,0.0,5.0,0.5
1495.400024,1710.0,14.7,15.2,15.2,0.190711,0.190711,0.0,5.0,0.5
1495.400024,1715.0,14.3,14.8,14.8,0.191727,0.191727,0.0,5.0,0.5
1495.400024,1720.0,14.0,14.5,14.4,0.192696,0.192696,0.0,5.0,0.5
1495.400024,1725.0,13.6,14.1,14.1,0.194026,0.194026,0.0,5.0,0.5
1495.400024,1730.0,13.3,13.8,13.7,0.194881,0.194881,0.0,5.0,0.5
1495.400024,1735.0,13.0,13.4,13.4,0.196115,0.196115,0.0,5.0,0.40000000000000036
1495.400024,1740.0,12.6,13.1,13.1,0.197312,0.197312,0.0,5.0,0.5
1495.400024,1745.0,12.3,12.8,12.7,0.197977,0.197977,0.0,5.0,0.5
1495.400024,1750.0,12.0,12.5,12.4,0.19907,0.19907,0.0,5.0,0.5
1495.400024,1755.0,11.7,12.2,12.1,0.200105,0.200105,0.0,5.0,0.5
1495.400024,1760.0,11.5,11.9,11.8,0.201093,0.201093,0.0,5.0,0.40000000000000036
1495.400024,1765.0,11.2,11.6,11.6,0.202518,0.202518,0.0,5.0,0.40000000000000036
1495.400024,1705.0,15.1,15.6,15.6,0.189628,0.189628,0.0,5.0,0.5
1500.400024,1780.0,14.0,14.6,14.6,0.202081,0.202081,0.0,6.0,0.5999999999999996
1500.400024,1485.0,65.400002,66.400002,66.0,0.134883,0.134883,0.0,6.0,1.0
1500.400024,1495.0,61.299999,62.200001,61.900002,0.137044,0.137044,10.0,6.0,0.9000020000000006
1500.400024,1650.0,25.4,26.1,26.1,0.174117,0.174117,0.0,6.0,0.7000000000000028
1500.400024,1655.0,24.799999,25.5,25.5,0.175352,0.175352,0.0,6.0,0.7000010000000003
1500.400024,1660.0,24.200001,24.9,24.9,0.17652,0.17652,0.0,6.0,0.6999989999999983
1500.400024,1665.0,23.6,24.299999,24.299999,0.177631,0.177631,0.0,6.0,0.6999989999999983
1500.400024,1670.0,23.0,23.700001,23.700001,0.178676,0.178676,0.0,6.0,0.7000010000000003
1500.400024,1675.0,22.5,23.200001,23.1,0.179654,0.179654,0.0,6.0,0.7000010000000003
1500.400024,1680.0,21.9,22.6,22.6,0.180889,0.180889,0.0,6.0,0.7000000000000028
1500.400024,1685.0,21.4,22.1,22.1,0.182067,0.182067,0.0,6.0,0.7000000000000028
1500.400024,1690.0,20.9,21.6,21.6,0.183197,0.183197,0.0,6.0,0.7000000000000028
1500.400024,1695.0,20.4,21.1,21.1,0.184261,0.184261,0.0,6.0,0.7000000000000028
1500.400024,1700.0,19.9,20.6,20.6,0.185278,0.185278,0.0,6.0,0.7000000000000028
1500.400024,1705.0,19.5,20.1,20.1,0.186237,0.186237,0.0,6.0,0.6000000000000014
1500.400024,1710.0,19.0,19.700001,19.700001,0.187491,0.187491,0.0,6.0,0.7000010000000003
1500.400024,1715.0,18.6,19.299999,19.200001,0.188346,0.188346,0.0,6.0,0.6999989999999983
1500.400024,1720.0,18.200001,18.799999,18.799999,0.189495,0.189495,0.0,6.0,0.5999979999999994
1500.400024,1725.0,17.799999,18.4,18.4,0.190597,0.190597,0.0,6.0,0.6000009999999989
1500.400024,1730.0,17.4,18.0,18.0,0.191651,0.191651,0.0,6.0,0.6000000000000014
1500.400024,1735.0,17.0,17.6,17.6,0.192658,0.192658,0.0,6.0,0.6000000000000014
1500.400024,1740.0,16.6,17.299999,17.200001,0.193627,0.193627,0.0,6.0,0.6999989999999983
1500.400024,1745.0,16.299999,16.9,16.9,0.194919,0.194919,0.0,6.0,0.6000009999999989
1500.400024,1750.0,15.9,16.5,16.5,0.195793,0.195793,0.0,6.0,0.5999999999999996
1500.400024,1755.0,15.6,16.200001,16.200001,0.196999,0.196999,0.0,6.0,0.6000010000000007
1500.400024,1760.0,15.2,15.9,15.8,0.197787,0.197787,0.0,6.0,0.7000000000000011
1500.400024,1765.0,14.9,15.5,15.5,0.198918,0.198918,0.0,6.0,0.5999999999999996
1500.400024,1770.0,14.6,15.2,15.2,0.20001,0.20001,0.0,6.0,0.5999999999999996
1500.400024,1645.0,26.1,26.799999,26.799999,0.17311,0.17311,0.0,6.0,0.6999989999999983
1500.400024,1640.0,26.700001,27.5,27.4,0.171752,0.171752,0.0,6.0,0.7999989999999997
1500.400024,1635.0,27.4,28.200001,28.1,0.170602,0.170602,0.0,6.0,0.8000010000000017
1500.400024,1630.0,28.1,28.9,28.799999,0.169396,0.169396,0.0,6.0,0.7999999999999972
1500.400024,1500.0,59.400002,60.299999,60.0,0.138231,0.138231,0.0,6.0,0.899996999999999
1500.400024,1510.0,55.700001,56.599998,56.299999,0.140373,0.140373,0.0,6.0,0.899996999999999
1500.400024,1515.0,54.0,54.900002,54.599998,0.141575,0.141575,0.0,6.0,0.9000020000000006
1500.400024,1520.0,52.299999,53.200001,52.900002,0.142629,0.142629,0.0,6.0,0.9000020000000006
1500.400024,1525.0,50.700001,51.599998,51.299999,0.143783,0.143783,0.0,6.0,0.899996999999999
1500.400024,1530.0,49.200001,50.099998,49.799999,0.145032,0.145032,0.0,6.0,0.899996999999999
1500.400024,1535.0,47.700001,48.599998,48.299999,0.146158,0.146158,0.0,6.0,0.899996999999999
1500.400024,1540.0,46.299999,47.200001,46.900002,0.147388,0.147388,0.0,6.0,0.9000020000000006
1500.400024,1545.0,44.900002,45.799999,45.599998,0.148736,0.148736,0.0,6.0,0.899996999999999
1500.400024,1550.0,43.599998,44.5,44.299999,0.149971,0.149971,0.0,6.0,0.9000020000000006
1500.400024,1555.0,42.400002,43.200001,43.0,0.151092,0.151092,0.0,6.0,0.7999989999999997
1500.400024,1490.0,63.299999,64.300003,63.900002,0.135928,0.135928,0.0,6.0,1.0000040000000041
1500.400024,1560.0,41.099998,42.0,41.799999,0.152336,0.152336,0.0,6.0,0.9000020000000006
1500.400024,1570.0,38.900002,39.700001,39.5,0.154754,0.154754,0.0,6.0,0.7999989999999997
1500.400024,1575.0,37.799999,38.599998,38.5,0.156183,0.156183,0.0,6.0,0.7999989999999997
1500.400024,1580.0,36.700001,37.599998,37.400002,0.157261,0.157261,0.0,6.0,0.899996999999999
1500.400024,1585.0,35.700001,36.599998,36.400002,0.158501,0.158501,0.0,6.0,0.899996999999999
1500.400024,1590.0,34.799999,35.599998,35.5,0.159897,0.159897,0.0,6.0,0.7999989999999997
1500.400024,1595.0,33.799999,34.599998,34.5,0.160952,0.160952,0.0,6.0,0.7999989999999997
1500.400024,1600.0,32.900002,33.700001,33.700001,0.162433,0.162433,0.0,6.0,0.7999989999999997
1500.400024,1605.0,32.099998,32.900002,32.799999,0.163569,0.163569,0.0,6.0,0.8000040000000013
1500.400024,1610.0,31.200001,32.0,31.9,0.164628,0.164628,0.0,6.0,0.7999989999999997
1500.400024,1615.0,30.4,31.200001,31.1,0.165862,0.165862,0.0,6.0,0.8000010000000017
1500.400024,1620.0,29.6,30.4,30.299999,0.167021,0.167021,0.0,6.0,0.7999999999999972
1500.400024,1625.0,28.9,29.6,29.6,0.16838,0.16838,0.0,6.0,0.7000000000000028
1500.400024,1565.0,40.0,40.799999,40.700001,0.153719,0.153719,0.0,6.0,0.7999989999999997
1483.5,1605.0,1.0000000000000001e-07,3e-07,2.0000000000000002e-07,0.182039,0.182039,21.0,0.0,2e-07
1483.5,1610.0,2.0000000000000002e-07,3e-07,2.0000000000000002e-07,0.188422,0.188422,0.0,0.0,9.999999999999997e-08
1483.5,1615.0,1.0000000000000001e-07,3e-07,2.0000000000000002e-07,0.194501,0.194501,0.0,0.0,2e-07
1483.5,1620.0,1.0000000000000001e-07,3e-07,2.0000000000000002e-07,0.20058,0.20058,9.0,0.0,2e-07
1483.5,1630.0,1.0000000000000001e-07,2.0000000000000002e-07,1.0000000000000001e-07,0.196021,0.196021,5.0,0.0,1.0000000000000001e-07
1483.5,1340.0,144.5,145.699997,143.899994,0.155746,0.155746,0.0,1.0,1.1999969999999962
1483.5,1345.0,139.600006,140.800003,139.0,0.153847,0.153847,0.0,1.0,1.1999969999999962
1483.5,1350.0,134.600006,135.899994,134.100006,0.151643,0.151643,0.0,1.0,1.2999879999999848
1483.5,1355.0,129.699997,130.899994,129.100006,0.1464,0.1464,0.0,1.0,1.1999969999999962
1483.5,1360.0,124.800003,126.0,124.199997,0.143892,0.143892,0.0,1.0,1.1999969999999962
1483.5,1365.0,119.900002,121.099998,119.300003,0.141081,0.141081,0.0,1.0,1.1999959999999987
1483.5,1370.0,115.0,116.199997,114.5,0.140321,0.140321,0.0,1.0,1.1999969999999962
1483.5,1375.0,110.199997,111.400002,109.599998,0.136977,0.136977,0.0,1.0,1.2000050000000044
1483.5,1380.0,105.300003,106.5,104.800003,0.135343,0.135343,0.0,1.0,1.1999969999999962
1483.5,1385.0,100.5,101.699997,100.0,0.133254,0.133254,0.0,1.0,1.1999969999999962
1483.5,1390.0,95.699997,96.900002,95.199997,0.130784,0.130784,0.0,1.0,1.2000050000000044
1483.5,1395.0,91.0,92.199997,90.5,0.129416,0.129416,0.0,1.0,1.1999969999999962
1483.5,1400.0,86.300003,87.5,85.800003,0.127517,0.127517,0.0,1.0,1.1999969999999962
1483.5,1405.0,81.699997,82.900002,81.199997,0.12632,0.12632,0.0,1.0,1.2000050000000044
1483.5,1410.0,77.099998,78.300003,76.599998,0.124553,0.124553,0.0,1.0,1.2000050000000044
1483.5,1415.0,72.599998,73.800003,72.199997,0.124249,0.124249,1.0,1.0,1.2000050000000044
1483.5,1420.0,68.199997,69.400002,67.800003,0.123166,0.123166,0.0,1.0,1.2000050000000044
1483.5,1425.0,64.0,64.800003,63.599998,0.123109,0.123109,0.0,1.0,0.8000030000000038
1483.5,1430.0,59.900002,60.599998,59.400002,0.122235,0.122235,0.0,1.0,0.6999959999999987
1483.5,1435.0,55.799999,56.599998,55.400002,0.122083,0.122083,0.0,1.0,0.7999989999999997
1483.5,1600.0,2.0000000000000002e-07,4.0000000000000003e-07,3e-07,0.18599,0.18599,46.0,0.0,2.0000000000000002e-07
1483.5,1595.0,3e-07,4.0000000000000003e-07,3e-07,0.179303,0.179303,22.0,0.0,1.0000000000000005e-07
1483.5,1590.0,2.0000000000000002e-07,4.0000000000000003e-07,4.0000000000000003e-07,0.180215,0.180215,21.0,0.0,2.0000000000000002e-07
1483.5,1585.0,3e-07,5e-07,4.0000000000000003e-07,0.173376,0.173376,52.0,0.0,2e-07
1483.5,1455.0,33.200001,33.900002,32.799999,0.128998,0.128998,0.0,0.0,0.7000010000000003
1483.5,1460.0,29.200001,29.9,28.9,0.127973,0.127973,0.0,0.0,0.6999989999999983
1483.5,1465.0,25.5,26.1,25.200001,0.126814,0.126814,6.0,0.0,0.6000000000000014
1483.5,1470.0,22.0,22.6,21.799999,0.12632,0.12632,0.0,0.0,0.6000000000000014
1483.5,1475.0,18.799999,19.4,18.700001,0.126206,0.126206,128.0,0.0,0.6000009999999989
1483.5,1480.0,15.9,16.5,15.9,0.12632,0.12632,60.0,0.0,0.5999999999999996
1483.5,1490.0,11.3,11.8,11.4,0.128884,0.128884,219.0,0.0,0.5
1483.5,1495.0,9.4,9.9,9.6,0.130594,0.130594,160.0,0.0,0.5
1483.5,1510.0,5.4,5.8,5.7,0.137357,0.137357,44.0,0.0,0.39999999999999947
1483.5,1440.0,51.900002,52.700001,51.599998,0.122463,0.122463,3.0,1.0,0.7999989999999997
1483.5,1515.0,4.5,4.8,4.8,0.140017,0.140017,192.0,0.0,0.2999999999999998
1483.5,1545.0,1.4,1.7,1.6,0.153543,0.153543,80.0,0.0,0.30000000000000004
1483.5,1555.0,1.0,1.2,1.1,0.157798,0.157798,15.0,0.0,0.19999999999999996
1483.5,1560.0,8.000000000000001e-07,1.0,9.000000000000001e-07,0.159546,0.159546,40.0,0.0,0.9999992
1483.5,1565.0,7e-07,9.000000000000001e-07,8.000000000000001e-07,0.163801,0.163801,22.0,0.0,2.000000000000001e-07
1483.5,1570.0,5e-07,8.000000000000001e-07,7e-07,0.167449,0.167449,65.0,0.0,3.000000000000001e-07
1483.5,1575.0,5e-07,7e-07,6e-07,0.170336,0.170336,36.0,0.0,2e-07
1483.5,1580.0,4.0000000000000003e-07,6e-07,5e-07,0.172464,0.172464,16.0,0.0,1.9999999999999994e-07
1483.5,1520.0,3.7,4.0,4.0,0.142182,0.142182,111.0,0.0,0.2999999999999998
1483.5,1450.0,37.400002,38.200001,36.900002,0.130176,0.130176,1.0,0.0,0.7999989999999997
1483.5,1445.0,48.200001,49.0,47.900002,0.122615,0.122615,3.0,1.0,0.7999989999999997
1483.5,1455.0,41.299999,42.0,41.099998,0.123869,0.123869,0.0,1.0,0.7000010000000003
1483.5,1610.0,3.5,3.7,3.7,0.179379,0.179379,9.0,1.0,0.20000000000000018
1483.5,1615.0,3.2,3.5,3.4,0.180557,0.180557,30.0,1.0,0.2999999999999998
1483.5,1620.0,3.0,3.2,3.2,0.18276,0.18276,10.0,1.0,0.20000000000000018
1483.5,1625.0,2.8,3.0,3.0,0.184774,0.184774,106.0,1.0,0.20000000000000018
1483.5,1630.0,2.6,2.8,2.7,0.185002,0.185002,8.0,1.0,0.19999999999999973
1483.5,1635.0,2.4,2.6,2.5,0.186446,0.186446,0.0,1.0,0.20000000000000018
1483.5,1640.0,2.2,2.5,2.4,0.189296,0.189296,7.0,1.0,0.2999999999999998
1483.5,1645.0,2.1,2.3,2.2,0.190245,0.190245,1.0,1.0,0.19999999999999973
1483.5,1650.0,2.0,2.2,2.1,0.192791,0.192791,109.0,1.0,0.20000000000000018
1483.5,1655.0,1.8,2.0,1.9,0.193209,0.193209,101.0,1.0,0.19999999999999996
1483.5,1660.0,1.7,1.9,1.8,0.195413,0.195413,4.0,1.0,0.19999999999999996
1483.5,1665.0,1.6,1.8,1.7,0.197388,0.197388,12.0,1.0,0.19999999999999996
1483.5,1670.0,1.5,1.7,1.6,0.199212,0.199212,2.0,1.0,0.19999999999999996
1483.5,1675.0,1.4,1.6,1.5,0.200884,0.200884,101.0,1.0,0.20000000000000018
1483.5,1680.0,1.3,1.5,1.4,0.202404,0.202404,170.0,1.0,0.19999999999999996
1483.5,1685.0,1.2,1.5,1.3,0.203695,0.203695,0.0,1.0,0.30000000000000004
1483.5,1690.0,1.1,1.4,1.2,0.204759,0.204759,1.0,1.0,0.2999999999999998
1483.5,1695.0,1.1,1.3,1.2,0.208559,0.208559,0.0,1.0,0.19999999999999996
1483.5,1705.0,9.000000000000001e-07,1.2,1.1,0.213042,0.213042,11.0,1.0,1.1999990999999999
1483.5,1710.0,9.000000000000001e-07,1.1,1.0,0.213422,0.213422,6.0,1.0,1.0999991
1483.5,1715.0,8.000000000000001e-07,1.1,9.000000000000001e-07,0.213498,0.213498,0.0,1.0,1.0999992
1483.5,1720.0,8.000000000000001e-07,1.0,9.000000000000001e-07,0.217069,0.217069,8.0,1.0,0.9999992
1483.5,1725.0,7e-07,1.0,8.000000000000001e-07,0.216689,0.216689,90.0,1.0,0.9999993
1483.5,1730.0,7e-07,9.000000000000001e-07,8.000000000000001e-07,0.220185,0.220185,0.0,1.0,2.000000000000001e-07
1483.5,1605.0,3.7,4.0,4.0,0.177897,0.177897,17.0,1.0,0.2999999999999998
1483.5,1595.0,4.3,4.6,4.6,0.174041,0.174041,17.0,1.0,0.2999999999999998
1483.5,1460.0,38.200001,38.900002,38.0,0.124848,0.124848,1.0,1.0,0.7000010000000003
1483.5,1465.0,35.200001,35.900002,35.099998,0.126016,0.126016,23.0,1.0,0.7000010000000003
1483.5,1470.0,32.400002,33.099998,32.299999,0.126852,0.126852,1.0,1.0,0.6999959999999987
1483.5,1475.0,29.799999,30.5,29.799999,0.128372,0.128372,85.0,1.0,0.7000010000000003
1483.5,1480.0,27.5,28.1,27.5,0.1301,0.1301,140.0,1.0,0.6000000000000014
1483.5,1485.0,25.299999,25.9,25.299999,0.131525,0.131525,31.0,1.0,0.6000009999999989
1483.5,1490.0,23.200001,23.799999,23.299999,0.133187,0.133187,18.0,1.0,0.5999979999999994
1483.5,1495.0,21.4,21.9,21.5,0.135135,0.135135,5.0,1.0,0.5
1483.5,1500.0,19.700001,20.200001,19.799999,0.136901,0.136901,204.0,1.0,0.5
1483.5,1505.0,18.1,18.6,18.200001,0.138516,0.138516,67.0,1.0,0.5
1483.5,1510.0,16.700001,17.200001,16.799999,0.140549,0.140549,126.0,1.0,0.5
1483.5,1515.0,15.4,15.9,15.5,0.142505,0.142505,36.0,1.0,0.5
1483.5,1450.0,44.700001,45.400002,44.400002,0.1231,0.1231,52.0,1.0,0.7000010000000003
1483.5,1520.0,14.2,14.6,14.3,0.144443,0.144443,188.0,1.0,0.40000000000000036
1483.5,1530.0,12.1,12.5,12.2,0.148433,0.148433,103.0,1.0,0.40000000000000036
1483.5,1535.0,11.2,11.5,11.3,0.150579,0.150579,66.0,1.0,0.3000000000000007
1483.5,1545.0,9.5,9.8,9.7,0.154759,0.154759,209.0,1.0,0.3000000000000007
1483.5,1555.0,8.1,8.5,8.3,0.158558,0.158558,16.0,1.0,0.40000000000000036
1483.5,1565.0,6.9,7.3,7.1,0.162206,0.162206,7.0,1.0,0.39999999999999947
1483.5,1570.0,6.4,6.7,6.6,0.164257,0.164257,59.0,1.0,0.2999999999999998
1483.5,1575.0,5.9,6.2,6.1,0.165948,0.165948,212.0,1.0,0.2999999999999998
1483.5,1580.0,5.5,5.8,5.7,0.16819,0.16819,25.0,1.0,0.2999999999999998
1483.5,1585.0,5.1,5.4,5.3,0.170108,0.170108,76.0,1.0,0.3000000000000007
1483.5,1735.0,6e-07,9.000000000000001e-07,8.000000000000001e-07,0.22368,0.22368,0.0,1.0,3.000000000000001e-07
1483.5,1445.0,41.799999,42.5,41.299999,0.13352,0.13352,0.0,0.0,0.7000010000000003
1483.5,1435.0,50.900002,51.700001,50.299999,0.138345,0.138345,0.0,0.0,0.7999989999999997
1483.5,1520.0,6e-07,8.000000000000001e-07,8.000000000000001e-07,0.183558,0.183558,71.0,0.0,2.000000000000001e-07
1483.5,1525.0,4.0000000000000003e-07,6e-07,6e-07,0.189941,0.189941,79.0,0.0,1.9999999999999994e-07
1483.5,1530.0,3e-07,5e-07,4.0000000000000003e-07,0.192069,0.192069,14.0,0.0,2e-07
1483.5,1535.0,1.0000000000000001e-07,4.0000000000000003e-07,3e-07,0.198148,0.198148,4.0,0.0,3.0000000000000004e-07
1483.5,1540.0,1.0000000000000001e-07,2.0000000000000002e-07,2.0000000000000002e-07,0.200276,0.200276,7.0,0.0,1.0000000000000001e-07
1483.5,1325.0,159.300003,160.100006,158.600006,0.285383,0.285383,0.0,0.0,0.8000030000000038
1483.5,1330.0,154.300003,155.100006,153.600006,0.276265,0.276265,0.0,0.0,0.8000030000000038
1483.5,1335.0,149.300003,150.100006,148.600006,0.267146,0.267146,0.0,0.0,0.8000030000000038
1483.5,1340.0,144.300003,145.100006,143.600006,0.258635,0.258635,0.0,0.0,0.8000030000000038
1483.5,1345.0,139.300003,140.100006,138.600006,0.249517,0.249517,0.0,0.0,0.8000030000000038
1483.5,1350.0,134.399994,135.199997,133.600006,0.241006,0.241006,0.0,0.0,0.8000030000000038
1483.5,1355.0,129.399994,130.199997,128.600006,0.231887,0.231887,0.0,0.0,0.8000030000000038
1483.5,1360.0,124.400002,125.199997,123.599998,0.223376,0.223376,0.0,0.0,0.7999949999999956
1483.5,1365.0,119.400002,120.199997,118.599998,0.214562,0.214562,0.0,0.0,0.7999949999999956
1483.5,1370.0,114.400002,115.199997,113.599998,0.205747,0.205747,0.0,0.0,0.7999949999999956
1483.5,1375.0,109.400002,110.300003,108.599998,0.197236,0.197236,0.0,0.0,0.9000010000000032
1483.5,1380.0,104.5,105.300003,103.699997,0.201492,0.201492,0.0,0.0,0.8000030000000038
1483.5,1385.0,99.5,100.300003,98.699997,0.192373,0.192373,0.0,0.0,0.8000030000000038
1483.5,1390.0,94.599998,95.400002,93.800003,0.192677,0.192677,0.0,0.0,0.8000040000000013
1483.5,1395.0,89.599998,90.400002,88.800003,0.183558,0.183558,0.0,0.0,0.8000040000000013
1483.5,1400.0,84.699997,85.5,83.900002,0.181431,0.181431,0.0,0.0,0.8000030000000038
1483.5,1405.0,79.699997,80.5,79.0,0.178087,0.178087,0.0,0.0,0.8000030000000038
1483.5,1410.0,74.800003,75.599998,74.099998,0.173376,0.173376,0.0,0.0,0.7999949999999956
1483.5,1415.0,69.900002,70.699997,69.199997,0.167981,0.167981,0.0,0.0,0.7999949999999956
1483.5,1420.0,65.099998,65.900002,64.400002,0.165625,0.165625,0.0,0.0,0.8000040000000013
1483.5,1515.0,8.000000000000001e-07,1.1,1.1,0.178087,0.178087,89.0,0.0,1.0999992
1483.5,1510.0,1.3,1.6,1.5,0.172312,0.172312,150.0,0.0,0.30000000000000004
1483.5,1505.0,1.9,2.2,2.1,0.167905,0.167905,13.0,0.0,0.30000000000000027
1483.5,1500.0,2.7,3.1,2.9,0.163041,0.163041,61.0,0.0,0.3999999999999999
1483.5,1395.0,89.400002,90.199997,88.599998,0.287207,0.287207,0.0,0.0,0.7999949999999956
1483.5,1400.0,84.400002,85.199997,83.599998,0.272617,0.272617,0.0,0.0,0.7999949999999956
1483.5,1405.0,79.400002,80.199997,78.599998,0.256812,0.256812,0.0,0.0,0.7999949999999956
1483.5,1410.0,74.400002,75.199997,73.599998,0.242222,0.242222,0.0,0.0,0.7999949999999956
1483.5,1415.0,69.5,70.300003,68.599998,0.227024,0.227024,0.0,0.0,0.8000030000000038
1483.5,1420.0,64.5,65.300003,63.700001,0.232191,0.232191,0.0,0.0,0.8000030000000038
1483.5,1425.0,59.599998,60.400002,58.700001,0.216082,0.216082,0.0,0.0,0.8000040000000013
1483.5,1425.0,60.200001,61.0,59.5,0.15833,0.15833,0.0,0.0,0.7999989999999997
1483.5,1430.0,54.599998,55.400002,53.799999,0.213042,0.213042,0.0,0.0,0.8000040000000013
1483.5,1440.0,44.799999,45.599998,44.099998,0.203467,0.203467,0.0,0.0,0.7999989999999997
1483.5,1445.0,39.900002,40.700001,39.200001,0.190701,0.190701,0.0,0.0,0.7999989999999997
1483.5,1450.0,35.099998,35.900002,34.5,0.186142,0.186142,0.0,0.0,0.8000040000000013
1483.5,1455.0,30.4,31.200001,29.9,0.181127,0.181127,0.0,0.0,0.8000010000000017
1483.5,1460.0,25.9,26.6,25.4,0.17444,0.17444,0.0,0.0,0.7000000000000028
1483.5,1465.0,21.5,22.299999,21.1,0.168437,0.168437,0.0,0.0,0.7999989999999997
1483.5,1470.0,17.4,18.1,17.1,0.163725,0.163725,21.0,0.0,0.7000000000000028
1483.5,1475.0,13.7,14.4,13.5,0.16061,0.16061,0.0,0.0,0.7000000000000011
1483.5,1480.0,10.4,11.1,10.4,0.159318,0.159318,12.0,0.0,0.6999999999999993
1483.5,1485.0,7.7,8.3,7.8,0.1589,0.1589,12.0,0.0,0.6000000000000005
1483.5,1490.0,5.6,6.1,5.7,0.159204,0.159204,9.0,0.0,0.5
1483.5,1495.0,3.9,4.4,4.1,0.160838,0.160838,29.0,0.0,0.5000000000000004
1483.5,1435.0,49.700001,50.5,48.900002,0.205747,0.205747,0.0,0.0,0.7999989999999997
1483.5,1440.0,46.299999,47.099998,45.700001,0.13504,0.13504,0.0,0.0,0.7999989999999997
1483.5,1430.0,55.400002,56.200001,54.799999,0.156506,0.156506,0.0,0.0,0.7999989999999997
1483.5,1440.0,46.099998,46.900002,45.5,0.149629,0.149629,0.0,0.0,0.8000040000000013
1483.5,1595.0,1.0000000000000001e-07,4.0000000000000003e-07,2.0000000000000002e-07,0.193285,0.193285,0.0,0.0,3.0000000000000004e-07
1483.5,1600.0,1.0000000000000001e-07,3e-07,2.0000000000000002e-07,0.20058,0.20058,0.0,0.0,2e-07
1483.5,1605.0,1.0000000000000001e-07,3e-07,1.0000000000000001e-07,0.190549,0.190549,0.0,0.0,2e-07
1483.5,1325.0,159.300003,160.100006,158.600006,0.254076,0.254076,0.0,0.0,0.8000030000000038
1483.5,1330.0,154.300003,155.100006,153.600006,0.245869,0.245869,0.0,0.0,0.8000030000000038
1483.5,1335.0,149.300003,150.100006,148.600006,0.237966,0.237966,0.0,0.0,0.8000030000000038
1483.5,1340.0,144.300003,145.100006,143.600006,0.230063,0.230063,0.0,0.0,0.8000030000000038
1483.5,1345.0,139.399994,140.100006,138.600006,0.222161,0.222161,0.0,0.0,0.7000120000000152
1483.5,1350.0,134.399994,135.100006,133.600006,0.214258,0.214258,0.0,0.0,0.7000120000000152
1483.5,1355.0,129.399994,130.100006,128.600006,0.206355,0.206355,0.0,0.0,0.7000120000000152
1483.5,1360.0,124.400002,125.199997,123.599998,0.198452,0.198452,0.0,0.0,0.7999949999999956
1483.5,1365.0,119.400002,120.199997,118.599998,0.190853,0.190853,0.0,0.0,0.7999949999999956
1483.5,1370.0,114.400002,115.199997,113.599998,0.18295,0.18295,0.0,0.0,0.7999949999999956
1483.5,1375.0,109.5,110.199997,108.699997,0.186294,0.186294,0.0,0.0,0.6999969999999962
1483.5,1380.0,104.5,105.300003,103.699997,0.178239,0.178239,0.0,0.0,0.8000030000000038
1483.5,1385.0,99.5,100.300003,98.800003,0.178391,0.178391,0.0,0.0,0.8000030000000038
1483.5,1390.0,94.599998,95.400002,93.800003,0.170184,0.170184,30.0,0.0,0.8000040000000013
1483.5,1395.0,89.599998,90.400002,88.900002,0.168361,0.168361,28.0,0.0,0.8000040000000013
1483.5,1400.0,84.699997,85.5,84.0,0.165473,0.165473,27.0,0.0,0.8000030000000038
1483.5,1405.0,79.800003,80.599998,79.099998,0.161522,0.161522,0.0,0.0,0.7999949999999956
1483.5,1410.0,74.900002,75.699997,74.199997,0.15681,0.15681,0.0,0.0,0.7999949999999956
1483.5,1415.0,70.0,70.800003,69.300003,0.151491,0.151491,0.0,0.0,0.8000030000000038
1483.5,1420.0,65.199997,65.900002,64.5,0.148755,0.148755,0.0,0.0,0.7000050000000044
1483.5,1425.0,60.400002,61.099998,59.700001,0.144804,0.144804,0.0,0.0,0.6999959999999987
1483.5,1430.0,55.599998,56.400002,55.0,0.142258,0.142258,1.0,0.0,0.8000040000000013
1483.5,1590.0,1.0000000000000001e-07,4.0000000000000003e-07,3e-07,0.196932,0.196932,0.0,0.0,3.0000000000000004e-07
1483.5,1585.0,2.0000000000000002e-07,4.0000000000000003e-07,3e-07,0.189333,0.189333,0.0,0.0,2.0000000000000002e-07
1483.5,1580.0,2.0000000000000002e-07,5e-07,4.0000000000000003e-07,0.189637,0.189637,0.0,0.0,3e-07
1483.5,1575.0,3e-07,6e-07,5e-07,0.188422,0.188422,0.0,0.0,3e-07
1483.5,1445.0,41.5,42.299999,40.900002,0.144804,0.144804,0.0,0.0,0.7999989999999997
1483.5,1450.0,37.099998,37.900002,36.5,0.141841,0.141841,0.0,0.0,0.8000040000000013
1483.5,1455.0,32.799999,33.599998,32.299999,0.139789,0.139789,0.0,0.0,0.7999989999999997
1483.5,1460.0,28.799999,29.5,28.299999,0.138041,0.138041,0.0,0.0,0.7000010000000003
1483.5,1465.0,24.9,25.700001,24.6,0.137433,0.137433,0.0,0.0,0.8000010000000017
1483.5,1470.0,21.4,22.1,21.200001,0.137357,0.137357,0.0,0.0,0.7000000000000028
1483.5,1475.0,18.1,18.9,18.1,0.137547,0.137547,0.0,0.0,0.7999999999999972
1483.5,1480.0,15.3,15.9,15.3,0.137832,0.137832,0.0,0.0,0.5999999999999996
1483.5,1485.0,12.7,13.4,12.8,0.138193,0.138193,0.0,0.0,0.7000000000000011
1483.5,1490.0,10.6,11.2,10.7,0.139675,0.139675,2.0,0.0,0.5999999999999996
1483.5,1495.0,8.7,9.3,8.9,0.141385,0.141385,203.0,0.0,0.6000000000000014
1483.5,1500.0,7.2,7.7,7.4,0.143664,0.143664,103.0,0.0,0.5
1483.5,1435.0,50.700001,51.5,50.099998,0.152707,0.152707,0.0,0.0,0.7999989999999997
1483.5,1505.0,5.9,6.4,6.1,0.145602,0.145602,1.0,0.0,0.5
1483.5,1515.0,3.9,4.3,4.2,0.151187,0.151187,0.0,0.0,0.3999999999999999
1483.5,1520.0,3.2,3.6,3.4,0.152745,0.152745,0.0,0.0,0.3999999999999999
1483.5,1525.0,2.6,3.0,2.8,0.155405,0.155405,0.0,0.0,0.3999999999999999
1483.5,1530.0,2.1,2.4,2.3,0.157988,0.157988,17.0,0.0,0.2999999999999998
1483.5,1535.0,1.7,2.0,1.9,0.160838,0.160838,23.0,0.0,0.30000000000000004
1483.5,1540.0,1.4,1.7,1.6,0.164485,0.164485,5.0,0.0,0.30000000000000004
1483.5,1545.0,1.1,1.4,1.3,0.166613,0.166613,3.0,0.0,0.2999999999999998
1483.5,1550.0,9.000000000000001e-07,1.2,1.1,0.17026,0.17026,0.0,0.0,1.1999990999999999
1483.5,1555.0,7e-07,1.0,9.000000000000001e-07,0.172616,0.172616,0.0,0.0,0.9999993
1483.5,1560.0,6e-07,9.000000000000001e-07,8.000000000000001e-07,0.177783,0.177783,15.0,0.0,3.000000000000001e-07
1483.5,1565.0,5e-07,8.000000000000001e-07,7e-07,0.182191,0.182191,0.0,0.0,3.000000000000001e-07
1483.5,1570.0,4.0000000000000003e-07,7e-07,6e-07,0.185686,0.185686,0.0,0.0,2.9999999999999993e-07
1483.5,1510.0,4.8,5.3,5.1,0.148831,0.148831,22.0,0.0,0.5
1483.5,1740.0,6e-07,9.000000000000001e-07,7e-07,0.222769,0.222769,0.0,1.0,3.000000000000001e-07
1483.5,1750.0,5e-07,8.000000000000001e-07,6e-07,0.224592,0.224592,167.0,1.0,3.000000000000001e-07
1490.300049,1480.0,45.900002,46.599998,46.0,0.12877,0.12877,7.0,3.0,0.6999959999999987
1490.300049,1485.0,43.700001,44.400002,43.900002,0.130252,0.130252,52.0,3.0,0.7000010000000003
1490.300049,1490.0,41.700001,42.299999,41.799999,0.131411,0.131411,0.0,3.0,0.5999979999999994
1490.300049,1495.0,39.700001,40.400002,39.900002,0.132912,0.132912,3.0,3.0,0.7000010000000003
1490.300049,1500.0,37.799999,38.5,38.099998,0.134432,0.134432,18.0,3.0,0.7000010000000003
1490.300049,1505.0,36.099998,36.799999,36.400002,0.135989,0.135989,0.0,3.0,0.7000010000000003
1490.300049,1510.0,34.400002,35.099998,34.799999,0.137595,0.137595,5.0,3.0,0.6999959999999987
1490.300049,1515.0,32.900002,33.5,33.200001,0.138934,0.138934,0.0,3.0,0.5999979999999994
1490.300049,1520.0,31.4,32.0,31.799999,0.140672,0.140672,63.0,3.0,0.6000000000000014
1490.300049,1525.0,30.0,30.6,30.4,0.142182,0.142182,85.0,3.0,0.6000000000000014
1490.300049,1530.0,28.700001,29.299999,29.1,0.143778,0.143778,0.0,3.0,0.5999979999999994
1490.300049,1535.0,27.4,28.0,27.799999,0.145156,0.145156,0.0,3.0,0.6000000000000014
1490.300049,1540.0,26.200001,26.799999,26.6,0.146656,0.146656,2.0,3.0,0.5999979999999994
1490.300049,1545.0,25.1,25.700001,25.5,0.148281,0.148281,0.0,3.0,0.6000009999999989
1490.300049,1550.0,24.0,24.6,24.4,0.149715,0.149715,15.0,3.0,0.6000000000000014
1490.300049,1555.0,23.0,23.6,23.4,0.151311,0.151311,0.0,3.0,0.6000000000000014
1490.300049,1560.0,22.1,22.6,22.4,0.152716,0.152716,0.0,3.0,0.5
1490.300049,1565.0,21.1,21.700001,21.5,0.154312,0.154312,0.0,3.0,0.6000009999999989
1490.300049,1570.0,20.200001,20.799999,20.6,0.155727,0.155727,0.0,3.0,0.5999979999999994
1490.300049,1575.0,19.4,19.9,19.799999,0.157361,0.157361,30.0,3.0,0.5
1490.300049,1580.0,18.6,19.1,19.0,0.158824,0.158824,0.0,3.0,0.5
1490.300049,1585.0,17.9,18.4,18.200001,0.160135,0.160135,0.0,3.0,0.5
1490.300049,1590.0,17.1,17.6,17.5,0.161693,0.161693,58.0,3.0,0.5
1490.300049,1595.0,16.4,16.9,16.799999,0.163108,0.163108,0.0,3.0,0.5
1490.300049,1600.0,15.8,16.200001,16.1,0.164371,0.164371,8.0,3.0,0.4000009999999996
1490.300049,1475.0,48.200001,48.900002,48.299999,0.127602,0.127602,0.0,3.0,0.7000010000000003
1490.300049,1470.0,50.599998,51.299999,50.700001,0.126415,0.126415,0.0,3.0,0.7000010000000003
1490.300049,1465.0,53.099998,53.900002,53.200001,0.125208,0.125208,0.0,3.0,0.8000040000000013
1490.300049,1460.0,55.799999,56.599998,55.799999,0.123974,0.123974,3.0,3.0,0.7999989999999997
1490.300049,2000.0,3e-07,6e-07,5e-07,0.271553,0.271553,48.0,2.0,3e-07
1490.300049,2025.0,3e-07,5e-07,4.0000000000000003e-07,0.274137,0.274137,0.0,2.0,2e-07
1490.300049,2050.0,2.0000000000000002e-07,5e-07,4.0000000000000003e-07,0.283864,0.283864,0.0,2.0,3e-07
1490.300049,1345.0,147.5,149.0,147.300003,0.127726,0.127726,0.0,3.0,1.5
1490.300049,1350.0,142.699997,144.300003,142.5,0.125769,0.125769,10.0,3.0,1.6000060000000076
1490.300049,1355.0,137.899994,139.600006,137.800003,0.124629,0.124629,0.0,3.0,1.7000120000000152
1490.300049,1360.0,133.300003,134.899994,133.100006,0.123261,0.123261,0.0,3.0,1.5999909999999886
1490.300049,1365.0,128.600006,130.199997,128.5,0.122539,0.122539,0.0,3.0,1.5999909999999886
1490.300049,1370.0,124.0,125.699997,123.900002,0.121552,0.121552,0.0,3.0,1.6999969999999962
1490.300049,1375.0,119.400002,121.099998,119.300003,0.120336,0.120336,0.0,3.0,1.6999959999999987
1490.300049,1380.0,114.900002,116.599998,114.800003,0.119576,0.119576,0.0,3.0,1.6999959999999987
1490.300049,1385.0,110.400002,112.099998,110.400002,0.119177,0.119177,0.0,3.0,1.6999959999999987
1490.300049,1605.0,15.1,15.6,15.5,0.165929,0.165929,15.0,3.0,0.5
1490.300049,1390.0,106.0,107.800003,106.0,0.118474,0.118474,0.0,3.0,1.8000030000000038
1490.300049,1400.0,97.900002,98.699997,97.5,0.117847,0.117847,0.0,3.0,0.7999949999999956
1490.300049,1405.0,93.699997,94.5,93.400002,0.117828,0.117828,0.0,3.0,0.8000030000000038
1490.300049,1410.0,89.699997,90.5,89.400002,0.117923,0.117923,0.0,3.0,0.8000030000000038
1490.300049,1415.0,85.800003,86.599998,85.5,0.118104,0.118104,0.0,3.0,0.7999949999999956
1490.300049,1420.0,81.900002,82.699997,81.699997,0.11835,0.11835,0.0,3.0,0.7999949999999956
1490.300049,1425.0,78.199997,79.0,78.0,0.118645,0.118645,0.0,3.0,0.8000030000000038
1490.300049,1430.0,74.599998,75.400002,74.400002,0.118968,0.118968,0.0,3.0,0.8000040000000013
1490.300049,1435.0,71.199997,72.0,71.0,0.11969,0.11969,0.0,3.0,0.8000030000000038
1490.300049,1440.0,67.800003,68.599998,67.699997,0.120383,0.120383,0.0,3.0,0.7999949999999956
1490.300049,1445.0,64.599998,65.400002,64.5,0.121058,0.121058,0.0,3.0,0.8000040000000013
1490.300049,1450.0,61.599998,62.299999,61.5,0.122064,0.122064,0.0,3.0,0.7000010000000003
1490.300049,1455.0,58.599998,59.400002,58.599998,0.123033,0.123033,0.0,3.0,0.8000040000000013
1490.300049,1395.0,101.699997,103.400002,101.699997,0.118056,0.118056,0.0,3.0,1.7000050000000044
1490.300049,1975.0,4.0000000000000003e-07,6e-07,5e-07,0.261371,0.261371,0.0,2.0,1.9999999999999994e-07
1490.300049,1610.0,14.6,15.0,14.9,0.167344,0.167344,1.0,3.0,0.40000000000000036
1490.300049,1620.0,13.4,13.9,13.8,0.170241,0.170241,1.0,3.0,0.5
1490.300049,1775.0,4.4,4.7,4.6,0.208749,0.208749,0.0,3.0,0.2999999999999998
1490.300049,1780.0,4.2,4.5,4.5,0.210306,0.210306,0.0,3.0,0.2999999999999998
1490.300049,1790.0,4.0,4.3,4.2,0.212301,0.212301,0.0,3.0,0.2999999999999998
1490.300049,1800.0,3.7,4.0,3.9,0.214011,0.214011,35.0,3.0,0.2999999999999998
1490.300049,1810.0,3.5,3.8,3.7,0.216613,0.216613,2.0,3.0,0.2999999999999998
1490.300049,1820.0,3.3,3.6,3.5,0.219007,0.219007,0.0,3.0,0.30000000000000027
1490.300049,1825.0,3.2,3.5,3.4,0.220147,0.220147,20.0,3.0,0.2999999999999998
1490.300049,1830.0,3.1,3.4,3.3,0.221211,0.221211,2.0,3.0,0.2999999999999998
1490.300049,1840.0,2.9,3.2,3.1,0.223224,0.223224,2.0,3.0,0.30000000000000027
1490.300049,1850.0,2.8,2.9,3.0,0.226378,0.226378,25.0,3.0,0.10000000000000009
1490.300049,1860.0,2.6,2.9,2.8,0.228012,0.228012,0.0,3.0,0.2999999999999998
1490.300049,1900.0,2.1,2.3,2.3,0.237282,0.237282,0.0,3.0,0.19999999999999973
1490.300049,1925.0,1.8,2.1,2.0,0.24207,0.24207,0.0,3.0,0.30000000000000004
1490.300049,1950.0,1.6,1.9,1.8,0.247921,0.247921,23.0,3.0,0.2999999999999998
1490.300049,1975.0,1.4,1.7,1.6,0.253012,0.253012,23.0,3.0,0.30000000000000004
1490.300049,2025.0,1.0,1.4,1.2,0.260611,0.260611,0.0,3.0,0.3999999999999999
1490.300049,2050.0,9.000000000000001e-07,1.1,1.1,0.266234,0.266234,30.0,3.0,1.0999991
1490.300049,1770.0,4.5,4.8,4.7,0.207134,0.207134,38.0,3.0,0.2999999999999998
1490.300049,1765.0,4.7,5.0,4.9,0.206412,0.206412,0.0,3.0,0.2999999999999998
1490.300049,1760.0,4.8,5.1,5.1,0.205595,0.205595,0.0,3.0,0.2999999999999998
1490.300049,1755.0,5.0,5.3,5.2,0.203847,0.203847,0.0,3.0,0.2999999999999998
1490.300049,1625.0,12.9,13.3,13.3,0.171742,0.171742,0.0,3.0,0.40000000000000036
1490.300049,1630.0,12.4,12.8,12.8,0.173129,0.173129,2.0,3.0,0.40000000000000036
1490.300049,1635.0,11.9,12.3,12.3,0.174383,0.174383,0.0,3.0,0.40000000000000036
1490.300049,1640.0,11.5,11.9,11.8,0.175523,0.175523,0.0,3.0,0.40000000000000036
1490.300049,1645.0,11.1,11.4,11.4,0.177061,0.177061,0.0,3.0,0.3000000000000007
1490.300049,1650.0,10.6,11.0,10.9,0.177973,0.177973,161.0,3.0,0.40000000000000036
1490.300049,1655.0,10.2,10.6,10.5,0.179303,0.179303,0.0,3.0,0.40000000000000036
1490.300049,1660.0,9.9,10.2,10.2,0.18107,0.18107,0.0,3.0,0.29999999999999893
1490.300049,1665.0,9.5,9.8,9.8,0.182191,0.182191,0.0,3.0,0.3000000000000007
1490.300049,1670.0,9.1,9.5,9.4,0.183216,0.183216,114.0,3.0,0.40000000000000036
1490.300049,1675.0,8.8,9.1,9.1,0.184717,0.184717,7.0,3.0,0.29999999999999893
1490.300049,1680.0,8.5,8.8,8.8,0.186123,0.186123,0.0,3.0,0.3000000000000007
1490.300049,1615.0,14.0,14.4,14.3,0.168627,0.168627,0.0,3.0,0.40000000000000036
1490.300049,1685.0,8.2,8.5,8.5,0.187472,0.187472,0.0,3.0,0.3000000000000007
1490.300049,1695.0,7.6,7.9,7.9,0.189865,0.189865,0.0,3.0,0.3000000000000007
1490.300049,1705.0,7.1,7.4,7.3,0.191898,0.191898,0.0,3.0,0.3000000000000007
1490.300049,1710.0,6.8,7.1,7.1,0.193475,0.193475,0.0,3.0,0.2999999999999998
1490.300049,1715.0,6.6,6.9,6.8,0.194273,0.194273,15.0,3.0,0.3000000000000007
1490.300049,1720.0,6.3,6.7,6.6,0.195717,0.195717,0.0,3.0,0.40000000000000036
1490.300049,1725.0,6.1,6.4,6.4,0.197084,0.197084,0.0,3.0,0.3000000000000007
1490.300049,1730.0,5.9,6.2,6.2,0.198395,0.198395,0.0,3.0,0.2999999999999998
1490.300049,1735.0,5.7,6.0,6.0,0.19963,0.19963,0.0,3.0,0.2999999999999998
1490.300049,1740.0,5.5,5.8,5.8,0.200789,0.200789,0.0,3.0,0.2999999999999998
1490.300049,1745.0,5.3,5.7,5.6,0.201872,0.201872,0.0,3.0,0.40000000000000036
1490.300049,1750.0,5.2,5.5,5.4,0.202897,0.202897,15.0,3.0,0.2999999999999998
1490.300049,1690.0,7.9,8.2,8.2,0.188707,0.188707,0.0,3.0,0.29999999999999893
1483.5,1745.0,6e-07,8.000000000000001e-07,7e-07,0.226112,0.226112,0.0,1.0,2.000000000000001e-07
1490.300049,1950.0,5e-07,7e-07,6e-07,0.256964,0.256964,2.0,2.0,2e-07
1490.300049,1900.0,7e-07,1.0,8.000000000000001e-07,0.244501,0.244501,0.0,2.0,0.9999993
1490.300049,1415.0,82.099998,82.900002,81.699997,0.119595,0.119595,0.0,2.0,0.8000040000000013
1490.300049,1420.0,78.0,78.800003,77.599998,0.119519,0.119519,0.0,2.0,0.8000030000000038
1490.300049,1425.0,74.0,74.800003,73.599998,0.11949,0.11949,0.0,2.0,0.8000030000000038
1490.300049,1430.0,70.099998,70.900002,69.800003,0.120032,0.120032,0.0,2.0,0.8000040000000013
1490.300049,1435.0,66.300003,67.099998,66.099998,0.120526,0.120526,0.0,2.0,0.7999949999999956
1490.300049,1440.0,62.700001,63.5,62.5,0.120963,0.120963,0.0,2.0,0.7999989999999997
1490.300049,1445.0,59.200001,60.0,59.099998,0.121779,0.121779,0.0,2.0,0.7999989999999997
1490.300049,1450.0,55.900002,56.599998,55.799999,0.122501,0.122501,1.0,2.0,0.6999959999999987
1490.300049,1455.0,52.700001,53.400002,52.599998,0.123119,0.123119,0.0,2.0,0.7000010000000003
1490.300049,1460.0,49.599998,50.400002,49.599998,0.12405,0.12405,0.0,2.0,0.8000040000000013
1490.300049,1465.0,46.799999,47.5,46.799999,0.125275,0.125275,0.0,2.0,0.7000010000000003
1490.300049,1470.0,44.0,44.799999,44.099998,0.126377,0.126377,1.0,2.0,0.7999989999999997
1490.300049,1475.0,41.5,42.200001,41.599998,0.127773,0.127773,0.0,2.0,0.7000010000000003
1490.300049,1480.0,39.0,39.700001,39.200001,0.129055,0.129055,0.0,2.0,0.7000010000000003
1490.300049,1485.0,36.799999,37.400002,37.0,0.130642,0.130642,0.0,2.0,0.600003000000001
1490.300049,1490.0,34.599998,35.299999,34.900002,0.132152,0.132152,47.0,2.0,0.7000010000000003
1490.300049,1495.0,32.599998,33.299999,32.900002,0.133605,0.133605,9.0,2.0,0.7000010000000003
1490.300049,1505.0,29.0,29.6,29.299999,0.136787,0.136787,0.0,2.0,0.6000000000000014
1490.300049,1510.0,27.299999,27.9,27.6,0.138174,0.138174,1.0,2.0,0.6000009999999989
1490.300049,1515.0,25.799999,26.4,26.1,0.13996,0.13996,0.0,2.0,0.6000009999999989
1490.300049,1520.0,24.299999,24.9,24.700001,0.141784,0.141784,11.0,2.0,0.6000009999999989
1490.300049,1525.0,23.0,23.5,23.299999,0.143275,0.143275,2.0,2.0,0.5
1490.300049,1530.0,21.700001,22.299999,22.0,0.144833,0.144833,11.0,2.0,0.5999979999999994
1490.300049,1535.0,20.5,21.1,20.9,0.146894,0.146894,0.0,2.0,0.6000000000000014
1490.300049,1410.0,86.099998,87.599998,85.900002,0.119804,0.119804,0.0,2.0,1.5
1490.300049,1405.0,90.400002,91.900002,90.199997,0.120203,0.120203,0.0,2.0,1.5
1490.300049,1400.0,94.800003,96.300003,94.599998,0.120849,0.120849,0.0,2.0,1.5
1490.300049,1395.0,99.300003,100.800003,99.099998,0.121855,0.121855,0.0,2.0,1.5
1483.5,1755.0,5e-07,7e-07,6e-07,0.227936,0.227936,0.0,1.0,2e-07
1483.5,1760.0,5e-07,7e-07,6e-07,0.231127,0.231127,2.0,1.0,2e-07
1483.5,1770.0,4.0000000000000003e-07,7e-07,5e-07,0.231887,0.231887,1.0,1.0,2.9999999999999993e-07
1483.5,1775.0,4.0000000000000003e-07,6e-07,5e-07,0.235079,0.235079,7.0,1.0,1.9999999999999994e-07
1483.5,1780.0,4.0000000000000003e-07,6e-07,4.0000000000000003e-07,0.231583,0.231583,1.0,1.0,1.9999999999999994e-07
1483.5,1790.0,3e-07,6e-07,4.0000000000000003e-07,0.237662,0.237662,1.0,1.0,3e-07
1483.5,1810.0,3e-07,5e-07,3e-07,0.24131,0.24131,0.0,1.0,2e-07
1483.5,1820.0,2.0000000000000002e-07,5e-07,3e-07,0.247085,0.247085,2.0,1.0,3e-07
1483.5,1825.0,3e-07,4.0000000000000003e-07,3e-07,0.250125,0.250125,0.0,1.0,1.0000000000000005e-07
1483.5,1830.0,2.0000000000000002e-07,4.0000000000000003e-07,3e-07,0.25286,0.25286,0.0,1.0,2.0000000000000002e-07
1483.5,1840.0,2.0000000000000002e-07,4.0000000000000003e-07,2.0000000000000002e-07,0.247085,0.247085,0.0,1.0,2.0000000000000002e-07
1490.300049,1540.0,19.4,19.9,19.700001,0.148243,0.148243,55.0,2.0,0.5
1483.5,1850.0,2.0000000000000002e-07,4.0000000000000003e-07,2.0000000000000002e-07,0.252556,0.252556,102.0,1.0,2.0000000000000002e-07
1483.5,1875.0,1.0000000000000001e-07,3e-07,2.0000000000000002e-07,0.26593,0.26593,0.0,1.0,2e-07
1483.5,1900.0,1.0000000000000001e-07,3e-07,1.0000000000000001e-07,0.260459,0.260459,0.0,1.0,2e-07
1490.300049,1345.0,146.600006,148.199997,146.300003,0.136141,0.136141,0.0,2.0,1.5999909999999886
1490.300049,1350.0,141.800003,143.300003,141.5,0.135002,0.135002,6.0,2.0,1.5
1490.300049,1355.0,136.899994,138.5,136.600006,0.132152,0.132152,0.0,2.0,1.6000060000000076
1490.300049,1360.0,132.100006,133.600006,131.800003,0.130594,0.130594,0.0,2.0,1.5
1490.300049,1365.0,127.300003,128.800003,127.0,0.12877,0.12877,0.0,2.0,1.5
1490.300049,1370.0,122.5,124.0,122.199997,0.126757,0.126757,0.0,2.0,1.5
1490.300049,1375.0,117.800003,119.300003,117.5,0.125693,0.125693,0.0,2.0,1.5
1490.300049,1380.0,113.099998,114.599998,112.800003,0.124287,0.124287,0.0,2.0,1.5
1490.300049,1385.0,108.400002,110.0,108.199997,0.123565,0.123565,0.0,2.0,1.5999979999999994
1490.300049,1390.0,103.900002,105.400002,103.599998,0.122463,0.122463,0.0,2.0,1.5
1483.5,1860.0,1.0000000000000001e-07,4.0000000000000003e-07,2.0000000000000002e-07,0.258027,0.258027,0.0,1.0,3.0000000000000004e-07
1490.300049,1925.0,6e-07,8.000000000000001e-07,7e-07,0.251188,0.251188,0.0,2.0,2.000000000000001e-07
1490.300049,1545.0,18.299999,18.9,18.700001,0.150152,0.150152,2.0,2.0,0.6000009999999989
1490.300049,1555.0,16.4,16.9,16.700001,0.153144,0.153144,1.0,2.0,0.5
1490.300049,1710.0,3.4,3.7,3.6,0.198756,0.198756,1.0,2.0,0.30000000000000027
1490.300049,1715.0,3.3,3.6,3.5,0.200808,0.200808,0.0,2.0,0.30000000000000027
1490.300049,1720.0,3.1,3.4,3.3,0.201492,0.201492,0.0,2.0,0.2999999999999998
1490.300049,1730.0,2.9,3.2,3.0,0.203771,0.203771,0.0,2.0,0.30000000000000027
1490.300049,1735.0,2.7,3.0,2.9,0.205443,0.205443,1.0,2.0,0.2999999999999998
1490.300049,1740.0,2.6,2.9,2.8,0.207077,0.207077,0.0,2.0,0.2999999999999998
1490.300049,1745.0,2.5,2.8,2.6,0.207077,0.207077,2.0,2.0,0.2999999999999998
1490.300049,1755.0,2.3,2.6,2.4,0.209812,0.209812,0.0,2.0,0.30000000000000027
1490.300049,1760.0,2.2,2.5,2.3,0.211066,0.211066,3.0,2.0,0.2999999999999998
1490.300049,1765.0,2.1,2.4,2.2,0.212206,0.212206,0.0,2.0,0.2999999999999998
1490.300049,1770.0,2.0,2.3,2.1,0.21327,0.21327,0.0,2.0,0.2999999999999998
1490.300049,1775.0,1.9,2.2,2.0,0.21422,0.21422,0.0,2.0,0.30000000000000027
1490.300049,1780.0,1.9,2.1,1.9,0.215094,0.215094,1.0,2.0,0.20000000000000018
1490.300049,1790.0,1.7,2.0,1.8,0.218513,0.218513,6.0,2.0,0.30000000000000004
1490.300049,1800.0,1.6,1.9,1.6,0.219577,0.219577,0.0,2.0,0.2999999999999998
1490.300049,1810.0,1.5,1.7,1.5,0.222541,0.222541,0.0,2.0,0.19999999999999996
1490.300049,1820.0,1.3,1.6,1.4,0.2252,0.2252,0.0,2.0,0.30000000000000004
1490.300049,1825.0,1.3,1.6,1.3,0.2252,0.2252,1.0,2.0,0.30000000000000004
1490.300049,1830.0,1.2,1.5,1.3,0.227708,0.227708,0.0,2.0,0.30000000000000004
1490.300049,1840.0,1.1,1.4,1.2,0.229911,0.229911,0.0,2.0,0.2999999999999998
1490.300049,1850.0,1.1,1.3,1.1,0.231811,0.231811,0.0,2.0,0.19999999999999996
1490.300049,1860.0,1.0,1.2,1.0,0.233407,0.233407,0.0,2.0,0.19999999999999996
1490.300049,1875.0,9.000000000000001e-07,1.1,9.000000000000001e-07,0.236902,0.236902,175.0,2.0,1.0999991
1490.300049,1705.0,3.6,3.9,3.8,0.197844,0.197844,0.0,2.0,0.2999999999999998
1490.300049,1700.0,3.8,4.1,4.0,0.19678,0.19678,109.0,2.0,0.2999999999999998
1490.300049,1695.0,3.9,4.2,4.2,0.195603,0.195603,4.0,2.0,0.30000000000000027
1490.300049,1690.0,4.1,4.4,4.4,0.194273,0.194273,0.0,2.0,0.3000000000000007
1490.300049,1560.0,15.6,16.0,15.9,0.155158,0.155158,0.0,2.0,0.40000000000000036
1490.300049,1565.0,14.7,15.2,15.0,0.156459,0.156459,0.0,2.0,0.5
1490.300049,1570.0,14.0,14.4,14.2,0.157988,0.157988,0.0,2.0,0.40000000000000036
1490.300049,1575.0,13.3,13.6,13.5,0.159774,0.159774,12.0,2.0,0.29999999999999893
1490.300049,1580.0,12.6,12.9,12.8,0.161332,0.161332,0.0,2.0,0.3000000000000007
1490.300049,1585.0,11.9,12.3,12.2,0.163212,0.163212,0.0,2.0,0.40000000000000036
1490.300049,1590.0,11.3,11.7,11.6,0.164884,0.164884,0.0,2.0,0.3999999999999986
1490.300049,1595.0,10.7,11.1,11.0,0.166347,0.166347,3.0,2.0,0.40000000000000036
1490.300049,1605.0,9.6,10.0,9.9,0.169272,0.169272,45.0,2.0,0.40000000000000036
1490.300049,1610.0,9.1,9.5,9.4,0.170735,0.170735,1.0,2.0,0.40000000000000036
1490.300049,1615.0,8.7,9.0,9.0,0.172654,0.172654,25.0,2.0,0.3000000000000007
1490.300049,1550.0,17.299999,17.9,17.700001,0.151786,0.151786,31.0,2.0,0.6000009999999989
1490.300049,1620.0,8.2,8.6,8.5,0.173756,0.173756,43.0,2.0,0.40000000000000036
1490.300049,1630.0,7.4,7.8,7.7,0.176776,0.176776,3.0,2.0,0.39999999999999947
1490.300049,1635.0,7.1,7.4,7.3,0.17803,0.17803,3.0,2.0,0.3000000000000007
1490.300049,1640.0,6.7,7.1,7.0,0.179854,0.179854,69.0,2.0,0.39999999999999947
1490.300049,1645.0,6.4,6.7,6.7,0.181545,0.181545,0.0,2.0,0.2999999999999998
1490.300049,1650.0,6.1,6.4,6.3,0.182324,0.182324,10.0,2.0,0.3000000000000007
1490.300049,1655.0,5.8,6.1,6.0,0.18371,0.18371,0.0,2.0,0.2999999999999998
1490.300049,1660.0,5.5,5.8,5.8,0.185819,0.185819,16.0,2.0,0.2999999999999998
1490.300049,1665.0,5.3,5.6,5.5,0.18694,0.18694,0.0,2.0,0.2999999999999998
1490.300049,1670.0,5.0,5.3,5.3,0.18884,0.18884,4.0,2.0,0.2999999999999998
1490.300049,1675.0,4.8,5.1,5.0,0.189675,0.189675,0.0,2.0,0.2999999999999998
1490.300049,1680.0,4.5,4.8,4.8,0.191309,0.191309,0.0,2.0,0.2999999999999998
1490.300049,1685.0,4.3,4.6,4.6,0.192867,0.192867,22.0,2.0,0.2999999999999998
1490.300049,1625.0,7.8,8.2,8.1,0.175352,0.175352,176.0,2.0,0.39999999999999947
